-- INSERT CLIENTES
INSERT INTO CLIENTE (dni, nombre, apellido, email) VALUES (12345678, 'Juan', 'Pérez', 'juan.perez@gmail.com');
INSERT INTO CLIENTE (dni, nombre, apellido, email) VALUES (87654321, 'María', 'González', 'maria.gonzalez@yahoo.com');
INSERT INTO CLIENTE (dni, nombre, apellido, email) VALUES (11223344, 'Carlos', 'Rodríguez', 'carlos.rodriguez@hotmail.com');
INSERT INTO CLIENTE (dni, nombre, apellido, email) VALUES (44332211, 'Ana', 'López', 'ana.lopez@gmail.com');
INSERT INTO CLIENTE (dni, nombre, apellido, email) VALUES (55667788, 'Luis', 'Fernández', 'luis.fernandez@outlook.com');
INSERT INTO CLIENTE (dni, nombre, apellido, email) VALUES (88776655, 'Elena', 'Martínez', 'elena.martinez@yahoo.com');
INSERT INTO CLIENTE (dni, nombre, apellido, email) VALUES (99887766, 'José', 'García', 'jose.garcia@hotmail.com');
INSERT INTO CLIENTE (dni, nombre, apellido, email) VALUES (66778899, 'Laura', 'Hernández', 'laura.hernandez@gmail.com');
INSERT INTO CLIENTE (dni, nombre, apellido, email) VALUES (77665544, 'Pedro', 'Ruiz', 'pedro.ruiz@yahoo.com');
INSERT INTO CLIENTE (dni, nombre, apellido, email) VALUES (33445566, 'Sofía', 'Jiménez', 'sofia.jimenez@gmail.com');
INSERT INTO CLIENTE (dni, nombre, apellido, email) VALUES (22334455, 'Diego', 'Torres', 'diego.torres@hotmail.com');
INSERT INTO CLIENTE (dni, nombre, apellido, email) VALUES (99887711, 'Marta', 'Ramírez', 'marta.ramirez@outlook.com');
INSERT INTO CLIENTE (dni, nombre, apellido, email) VALUES (55669988, 'Francisco', 'Flores', 'francisco.flores@gmail.com');
INSERT INTO CLIENTE (dni, nombre, apellido, email) VALUES (77889966, 'Lucía', 'Castro', 'lucia.castro@yahoo.com');
INSERT INTO CLIENTE (dni, nombre, apellido, email) VALUES (33446655, 'Santiago', 'Morales', 'santiago.morales@gmail.com');
INSERT INTO CLIENTE (dni, nombre, apellido, email) VALUES (22335544, 'Patricia', 'Vázquez', 'patricia.vazquez@hotmail.com');
INSERT INTO CLIENTE (dni, nombre, apellido, email) VALUES (99886655, 'Miguel', 'Rojas', 'miguel.rojas@outlook.com');
INSERT INTO CLIENTE (dni, nombre, apellido, email) VALUES (55668899, 'Gabriela', 'Romero', 'gabriela.romero@gmail.com');
INSERT INTO CLIENTE (dni, nombre, apellido, email) VALUES (77886655, 'Fernando', 'Ortega', 'fernando.ortega@yahoo.com');
INSERT INTO CLIENTE (dni, nombre, apellido, email) VALUES (33447766, 'Paula', 'Cabrera', 'paula.cabrera@gmail.com');
INSERT INTO CLIENTE (dni, nombre, apellido, email) VALUES (22334477, 'Roberto', 'Mendoza', 'roberto.mendoza@hotmail.com');
INSERT INTO CLIENTE (dni, nombre, apellido, email) VALUES (99887744, 'Victoria', 'Silva', 'victoria.silva@outlook.com');
INSERT INTO CLIENTE (dni, nombre, apellido, email) VALUES (55667799, 'David', 'Román', 'david.roman@gmail.com');
INSERT INTO CLIENTE (dni, nombre, apellido, email) VALUES (77885566, 'Marina', 'Santos', 'marina.santos@yahoo.com');
INSERT INTO CLIENTE (dni, nombre, apellido, email) VALUES (33448877, 'Ricardo', 'Paredes', 'ricardo.paredes@gmail.com');
INSERT INTO CLIENTE (dni, nombre, apellido, email) VALUES (22335566, 'Carolina', 'Reyes', 'carolina.reyes@hotmail.com');
INSERT INTO CLIENTE (dni, nombre, apellido, email) VALUES (99886677, 'Álvaro', 'Núñez', 'alvaro.nunez@outlook.com');
INSERT INTO CLIENTE (dni, nombre, apellido, email) VALUES (55669977, 'Daniela', 'Suárez', 'daniela.suarez@gmail.com');
INSERT INTO CLIENTE (dni, nombre, apellido, email) VALUES (77889944, 'Pablo', 'Guzmán', 'pablo.guzman@yahoo.com');
INSERT INTO CLIENTE (dni, nombre, apellido, email) VALUES (33447788, 'Verónica', 'Peña', 'veronica.pena@gmail.com');
INSERT INTO CLIENTE (dni, nombre, apellido, email) VALUES (22334488, 'Esteban', 'Cruz', 'esteban.cruz@hotmail.com');
INSERT INTO CLIENTE (dni, nombre, apellido, email) VALUES (99887755, 'Laura', 'Díaz', 'laura.diaz@outlook.com');
INSERT INTO CLIENTE (dni, nombre, apellido, email) VALUES (55668877, 'Javier', 'Ríos', 'javier.rios@gmail.com');
INSERT INTO CLIENTE (dni, nombre, apellido, email) VALUES (77887766, 'Natalia', 'Mejía', 'natalia.mejia@yahoo.com');
INSERT INTO CLIENTE (dni, nombre, apellido, email) VALUES (33448866, 'Raúl', 'Vega', 'raul.vega@gmail.com');
INSERT INTO CLIENTE (dni, nombre, apellido, email) VALUES (22335577, 'Carmen', 'Aguilar', 'carmen.aguilar@hotmail.com');
INSERT INTO CLIENTE (dni, nombre, apellido, email) VALUES (99886688, 'Gustavo', 'Pérez', 'gustavo.perez@outlook.com');
INSERT INTO CLIENTE (dni, nombre, apellido, email) VALUES (55667788, 'Isabel', 'Giménez', 'isabel.gimenez@gmail.com');
INSERT INTO CLIENTE (dni, nombre, apellido, email) VALUES (77889977, 'Andrés', 'Salazar', 'andres.salazar@yahoo.com');
INSERT INTO CLIENTE (dni, nombre, apellido, email) VALUES (33446677, 'Teresa', 'Ortiz', 'teresa.ortiz@gmail.com');
INSERT INTO CLIENTE (dni, nombre, apellido, email) VALUES (22334499, 'Víctor', 'Martínez', 'victor.martinez@hotmail.com');
INSERT INTO CLIENTE (dni, nombre, apellido, email) VALUES (99887733, 'Clara', 'Rivas', 'clara.rivas@outlook.com');
INSERT INTO CLIENTE (dni, nombre, apellido, email) VALUES (55668866, 'Jorge', 'Herrera', 'jorge.herrera@gmail.com');
INSERT INTO CLIENTE (dni, nombre, apellido, email) VALUES (77889988, 'Beatriz', 'Lara', 'beatriz.lara@yahoo.com');
INSERT INTO CLIENTE (dni, nombre, apellido, email) VALUES (33447799, 'Felipe', 'Cortés', 'felipe.cortes@gmail.com');
INSERT INTO CLIENTE (dni, nombre, apellido, email) VALUES (22335588, 'Cristina', 'Serrano', 'cristina.serrano@hotmail.com');
INSERT INTO CLIENTE (dni, nombre, apellido, email) VALUES (99886699, 'Emilio', 'León', 'emilio.leon@outlook.com');
INSERT INTO CLIENTE (dni, nombre, apellido, email) VALUES (55669966, 'Valeria', 'Molina', 'valeria.molina@gmail.com');
INSERT INTO CLIENTE (dni, nombre, apellido, email) VALUES (77887755, 'Manuel', 'Delgado', 'manuel.delgado@yahoo.com');
INSERT INTO CLIENTE (dni, nombre, apellido, email) VALUES (33448899, 'Rosa', 'Navarro', 'rosa.navarro@gmail.com');

-- INSERT CALIFICACIONES
INSERT INTO CALIFICACION (id_calificacion, nombre) VALUES (1,'+14');
INSERT INTO CALIFICACION (id_calificacion, nombre) VALUES (2,'+18');
INSERT INTO CALIFICACION (id_calificacion, nombre) VALUES (3,'TE');
INSERT INTO CALIFICACION (id_calificacion, nombre) VALUES (4,'TE+7');

-- INSERT PAIS
INSERT INTO PAIS (id_pais, nombre) VALUES (1,'Chile');
INSERT INTO PAIS (id_pais, nombre) VALUES (2,'Argentina');
INSERT INTO PAIS (id_pais, nombre) VALUES (3,'México');
INSERT INTO PAIS (id_pais, nombre) VALUES (4,'Guatemala');
INSERT INTO PAIS (id_pais, nombre) VALUES (5,'Francia');
INSERT INTO PAIS (id_pais, nombre) VALUES (6,'Japón');
INSERT INTO PAIS (id_pais, nombre) VALUES (7,'Corea del Sur');
INSERT INTO PAIS (id_pais, nombre) VALUES (10,'Hungría');
INSERT INTO PAIS (id_pais, nombre) VALUES (11,'Polonia');
INSERT INTO PAIS (id_pais, nombre) VALUES (12,'Suecia');
INSERT INTO PAIS (id_pais, nombre) VALUES (13,'Dinamarca');
INSERT INTO PAIS (id_pais, nombre) VALUES (14,'Noruega');
INSERT INTO PAIS (id_pais, nombre) VALUES (15,'Líbano');

-- INSERT PELICULAS
INSERT INTO PELICULA (titulo, anio_estreno, duracion, genero, fk_calificacion, fk_pais, sinopsis)
VALUES
('El Conde', 2023, 112, 'Comedia/Drama', 1, 1, 'Una sátira donde Augusto Pinochet es representado como un vampiro centenario.'),
('Blanquita', 2022, 94, 'Drama', 2, 1, 'Una joven involucrada en un escándalo de abuso sexual que sacude a la elite política.'),
('Argentina, 1985', 2022, 140, 'Drama/Historia', 1, 2, 'Relato sobre el juicio a las juntas militares tras la dictadura en Argentina.'),
('Huesera', 2022, 97, 'Terror', 2, 3, 'Una mujer embarazada se enfrenta a una aterradora entidad sobrenatural.'),
('Los Lobos', 2020, 95, 'Drama', 4, 3, 'Dos niños inmigrantes aprenden a adaptarse a una nueva vida mientras esperan a su madre.'),
('Ema', 2019, 107, 'Drama', 2, 1, 'Una joven bailarina explora el caos en su vida personal y sus relaciones en Valparaíso.'),
('La Ciénaga', 2001, 103, 'Drama', 2, 2, 'Un relato de tensiones familiares en un caluroso y húmedo verano en el norte argentino.'),
('La Llorona', 2019, 97, 'Terror/Drama', 1, 4, 'Un dictador retirado es acosado por los fantasmas de las víctimas de su genocidio.'),
('Chicuarotes', 2019, 95, 'Drama', 1, 3, 'Dos adolescentes de un barrio pobre en Ciudad de México intentan escapar de la violencia y la pobreza.'),
('The Square', 2017, 151, 'Drama/Comedia', 1, 12, 'Un curador de arte contemporáneo se enfrenta a una serie de eventos surrealistas. Ganadora de la Palma de Oro en Cannes.'),
('Parasite', 2019, 132, 'Thriller/Drama', 1, 7, 'Una familia pobre se infiltra en una rica familia con consecuencias inesperadas. Ganadora del Oscar a Mejor Película y la Palma de Oro en Cannes.'),
('El Baile de la Gacela', 2018, 91, 'Comedia/Drama', 3, 3, 'Un hombre mayor compite en un concurso de baile para lidiar con su pasado.'),
('Son of Saul', 2015, 107, 'Drama', 2, 10, 'Un prisionero judío en Auschwitz intenta darle un entierro digno a un niño que cree que es su hijo. Ganadora del Gran Premio del Jurado en Cannes y el Oscar a Mejor Película Extranjera.'),
('Titane', 2021, 108, 'Drama/Horror', 2, 5, 'Una mujer con una placa de titanio en la cabeza tras un accidente de coche desencadena una serie de eventos violentos y extraños. Ganadora de la Palma de Oro en Cannes.'),
('The Worst Person in the World', 2021, 128, 'Drama/Comedia Romántica', 1, 14, 'Una joven navega entre sus relaciones y aspiraciones mientras enfrenta los dilemas de la adultez. Ganadora de Mejor Actriz en Cannes.'),
('Shoplifters', 2018, 121, 'Drama', 1, 6, 'Una familia pobre sobrevive a través de pequeños robos hasta que un incidente cambia sus vidas. Ganadora de la Palma de Oro en Cannes.'),
('Ida', 2013, 82, 'Drama', 1, 11, 'Una joven monja descubre oscuros secretos familiares antes de tomar sus votos. Ganadora del Oscar a Mejor Película Extranjera.'),
('Another Round', 2020, 117, 'Drama/Comedia', 1, 13, 'Cuatro profesores prueban un experimento para beber alcohol constantemente y ver cómo afecta sus vidas. Ganadora del Oscar a Mejor Película Internacional.'),
('The Handmaiden', 2016, 145, 'Thriller/Drama', 2, 7, 'Una historia de engaño, amor y traición ambientada en Corea durante la ocupación japonesa. Ganadora del BAFTA a Mejor Película de Habla No Inglesa.'),
('Capernaum', 2018, 126, 'Drama', 1, 15, 'Un niño refugiado demanda a sus padres por darle una vida de sufrimiento. Ganadora del Premio del Jurado en Cannes.');


-- INSERT CINE
INSERT INTO CINE (nombre, direccion, ciudad) VALUES ('Cine El biografo', 'Jose Victorino Lastarria 181', 'Santiago');

-- INSERT SALAS
INSERT INTO SALA (capacidad, fk_id_cine) VALUES (140, 1);

-- INSERT CARTELERAS
INSERT INTO CARTELERA (fecha_inicio, fecha_fin, fk_id_cine) VALUES ('2024-08-29', '2024-09-04', 1);
INSERT INTO CARTELERA (fecha_inicio, fecha_fin, fk_id_cine) VALUES ('2024-09-05', '2024-09-11', 1);
INSERT INTO CARTELERA (fecha_inicio, fecha_fin, fk_id_cine) VALUES ('2024-09-12', '2024-09-18', 1);
INSERT INTO CARTELERA (fecha_inicio, fecha_fin, fk_id_cine) VALUES ('2024-09-19', '2024-09-25', 1);


-- INSERT FUNCIONES
INSERT INTO FUNCION (fecha, hora, fk_id_pelicula, fk_id_sala) VALUES ('2024-08-29', '15:00', 1, 1); -- El Conde
INSERT INTO FUNCION (fecha, hora, fk_id_pelicula, fk_id_sala) VALUES ('2024-08-29', '18:00', 2, 1); -- Blanquita
INSERT INTO FUNCION (fecha, hora, fk_id_pelicula, fk_id_sala) VALUES ('2024-08-29', '20:00', 3, 1); -- Argentina, 1985

INSERT INTO FUNCION (fecha, hora, fk_id_pelicula, fk_id_sala) VALUES ('2024-08-30', '15:00', 1, 1); -- El Conde
INSERT INTO FUNCION (fecha, hora, fk_id_pelicula, fk_id_sala) VALUES ('2024-08-30', '18:00', 2, 1); -- Blanquita
INSERT INTO FUNCION (fecha, hora, fk_id_pelicula, fk_id_sala) VALUES ('2024-08-30', '20:00', 3, 1); -- Argentina, 1985

INSERT INTO FUNCION (fecha, hora, fk_id_pelicula, fk_id_sala) VALUES ('2024-08-31', '15:00', 1, 1); -- El Conde
INSERT INTO FUNCION (fecha, hora, fk_id_pelicula, fk_id_sala) VALUES ('2024-08-31', '18:00', 2, 1); -- Blanquita
INSERT INTO FUNCION (fecha, hora, fk_id_pelicula, fk_id_sala) VALUES ('2024-08-31', '20:00', 3, 1); -- Argentina, 1985

INSERT INTO FUNCION (fecha, hora, fk_id_pelicula, fk_id_sala) VALUES ('2024-09-01', '15:00', 1, 1); -- El Conde
INSERT INTO FUNCION (fecha, hora, fk_id_pelicula, fk_id_sala) VALUES ('2024-09-01', '18:00', 2, 1); -- Blanquita
INSERT INTO FUNCION (fecha, hora, fk_id_pelicula, fk_id_sala) VALUES ('2024-09-01', '20:00', 3, 1); -- Argentina, 1985

INSERT INTO FUNCION (fecha, hora, fk_id_pelicula, fk_id_sala) VALUES ('2024-09-02', '15:00', 1, 1); -- El Conde
INSERT INTO FUNCION (fecha, hora, fk_id_pelicula, fk_id_sala) VALUES ('2024-09-02', '18:00', 2, 1); -- Blanquita
INSERT INTO FUNCION (fecha, hora, fk_id_pelicula, fk_id_sala) VALUES ('2024-09-02', '20:00', 3, 1); -- Argentina, 1985

INSERT INTO FUNCION (fecha, hora, fk_id_pelicula, fk_id_sala) VALUES ('2024-09-03', '15:00', 1, 1); -- El Conde
INSERT INTO FUNCION (fecha, hora, fk_id_pelicula, fk_id_sala) VALUES ('2024-09-03', '18:00', 2, 1); -- Blanquita
INSERT INTO FUNCION (fecha, hora, fk_id_pelicula, fk_id_sala) VALUES ('2024-09-03', '20:00', 3, 1); -- Argentina, 1985

INSERT INTO FUNCION (fecha, hora, fk_id_pelicula, fk_id_sala) VALUES ('2024-09-04', '15:00', 1, 1); -- El Conde
INSERT INTO FUNCION (fecha, hora, fk_id_pelicula, fk_id_sala) VALUES ('2024-09-04', '18:00', 2, 1); -- Blanquita
INSERT INTO FUNCION (fecha, hora, fk_id_pelicula, fk_id_sala) VALUES ('2024-09-04', '20:00', 3, 1); -- Argentina, 1985

INSERT INTO FUNCION (fecha, hora, fk_id_pelicula, fk_id_sala) VALUES ('2024-09-05', '15:00', 4, 1); -- Huesera
INSERT INTO FUNCION (fecha, hora, fk_id_pelicula, fk_id_sala) VALUES ('2024-09-05', '18:00', 5, 1); -- Los Lobos
INSERT INTO FUNCION (fecha, hora, fk_id_pelicula, fk_id_sala) VALUES ('2024-09-05', '20:00', 6, 1); -- Ema

INSERT INTO FUNCION (fecha, hora, fk_id_pelicula, fk_id_sala) VALUES ('2024-09-06', '15:00', 4, 1); -- Huesera
INSERT INTO FUNCION (fecha, hora, fk_id_pelicula, fk_id_sala) VALUES ('2024-09-06', '18:00', 5, 1); -- Los Lobos
INSERT INTO FUNCION (fecha, hora, fk_id_pelicula, fk_id_sala) VALUES ('2024-09-06', '20:00', 6, 1); -- Ema

INSERT INTO FUNCION (fecha, hora, fk_id_pelicula, fk_id_sala) VALUES ('2024-09-07', '15:00', 4, 1); -- Huesera
INSERT INTO FUNCION (fecha, hora, fk_id_pelicula, fk_id_sala) VALUES ('2024-09-07', '18:00', 5, 1); -- Los Lobos
INSERT INTO FUNCION (fecha, hora, fk_id_pelicula, fk_id_sala) VALUES ('2024-09-07', '20:00', 6, 1); -- Ema

INSERT INTO FUNCION (fecha, hora, fk_id_pelicula, fk_id_sala) VALUES ('2024-09-08', '15:00', 4, 1); -- Huesera
INSERT INTO FUNCION (fecha, hora, fk_id_pelicula, fk_id_sala) VALUES ('2024-09-08', '18:00', 5, 1); -- Los Lobos
INSERT INTO FUNCION (fecha, hora, fk_id_pelicula, fk_id_sala) VALUES ('2024-09-08', '20:00', 6, 1); -- Ema

INSERT INTO FUNCION (fecha, hora, fk_id_pelicula, fk_id_sala) VALUES ('2024-09-09', '15:00', 4, 1); -- Huesera
INSERT INTO FUNCION (fecha, hora, fk_id_pelicula, fk_id_sala) VALUES ('2024-09-09', '18:00', 5, 1); -- Los Lobos
INSERT INTO FUNCION (fecha, hora, fk_id_pelicula, fk_id_sala) VALUES ('2024-09-09', '20:00', 6, 1); -- Ema

INSERT INTO FUNCION (fecha, hora, fk_id_pelicula, fk_id_sala) VALUES ('2024-09-10', '15:00', 4, 1); -- Huesera
INSERT INTO FUNCION (fecha, hora, fk_id_pelicula, fk_id_sala) VALUES ('2024-09-10', '18:00', 5, 1); -- Los Lobos
INSERT INTO FUNCION (fecha, hora, fk_id_pelicula, fk_id_sala) VALUES ('2024-09-10', '20:00', 6, 1); -- Ema

INSERT INTO FUNCION (fecha, hora, fk_id_pelicula, fk_id_sala) VALUES ('2024-09-11', '15:00', 4, 1); -- Huesera
INSERT INTO FUNCION (fecha, hora, fk_id_pelicula, fk_id_sala) VALUES ('2024-09-11', '18:00', 5, 1); -- Los Lobos
INSERT INTO FUNCION (fecha, hora, fk_id_pelicula, fk_id_sala) VALUES ('2024-09-11', '20:00', 6, 1); -- Ema

INSERT INTO FUNCION (fecha, hora, fk_id_pelicula, fk_id_sala) VALUES ('2024-09-12', '15:00', 7, 1); -- La Ciénaga
INSERT INTO FUNCION (fecha, hora, fk_id_pelicula, fk_id_sala) VALUES ('2024-09-12', '18:00', 8, 1); -- La Llorona
INSERT INTO FUNCION (fecha, hora, fk_id_pelicula, fk_id_sala) VALUES ('2024-09-12', '20:00', 9, 1); -- Chicuarotes

INSERT INTO FUNCION (fecha, hora, fk_id_pelicula, fk_id_sala) VALUES ('2024-09-13', '15:00', 7, 1); -- La Ciénaga
INSERT INTO FUNCION (fecha, hora, fk_id_pelicula, fk_id_sala) VALUES ('2024-09-13', '18:00', 8, 1); -- La Llorona
INSERT INTO FUNCION (fecha, hora, fk_id_pelicula, fk_id_sala) VALUES ('2024-09-13', '20:00', 9, 1); -- Chicuarotes

INSERT INTO FUNCION (fecha, hora, fk_id_pelicula, fk_id_sala) VALUES ('2024-09-14', '15:00', 7, 1); -- La Ciénaga
INSERT INTO FUNCION (fecha, hora, fk_id_pelicula, fk_id_sala) VALUES ('2024-09-14', '18:00', 8, 1); -- La Llorona
INSERT INTO FUNCION (fecha, hora, fk_id_pelicula, fk_id_sala) VALUES ('2024-09-14', '20:00', 9, 1); -- Chicuarotes

INSERT INTO FUNCION (fecha, hora, fk_id_pelicula, fk_id_sala) VALUES ('2024-09-15', '15:00', 7, 1); -- La Ciénaga
INSERT INTO FUNCION (fecha, hora, fk_id_pelicula, fk_id_sala) VALUES ('2024-09-15', '18:00', 8, 1); -- La Llorona
INSERT INTO FUNCION (fecha, hora, fk_id_pelicula, fk_id_sala) VALUES ('2024-09-15', '20:00', 9, 1); -- Chicuarotes

INSERT INTO FUNCION (fecha, hora, fk_id_pelicula, fk_id_sala) VALUES ('2024-09-16', '15:00', 7, 1); -- La Ciénaga
INSERT INTO FUNCION (fecha, hora, fk_id_pelicula, fk_id_sala) VALUES ('2024-09-16', '18:00', 8, 1); -- La Llorona
INSERT INTO FUNCION (fecha, hora, fk_id_pelicula, fk_id_sala) VALUES ('2024-09-16', '20:00', 9, 1); -- Chicuarotes

INSERT INTO FUNCION (fecha, hora, fk_id_pelicula, fk_id_sala) VALUES ('2024-09-17', '15:00', 7, 1); -- La Ciénaga
INSERT INTO FUNCION (fecha, hora, fk_id_pelicula, fk_id_sala) VALUES ('2024-09-17', '18:00', 8, 1); -- La Llorona
INSERT INTO FUNCION (fecha, hora, fk_id_pelicula, fk_id_sala) VALUES ('2024-09-17', '20:00', 9, 1); -- Chicuarotes

INSERT INTO FUNCION (fecha, hora, fk_id_pelicula, fk_id_sala) VALUES ('2024-09-18', '15:00', 7, 1); -- La Ciénaga
INSERT INTO FUNCION (fecha, hora, fk_id_pelicula, fk_id_sala) VALUES ('2024-09-18', '18:00', 8, 1); -- La Llorona
INSERT INTO FUNCION (fecha, hora, fk_id_pelicula, fk_id_sala) VALUES ('2024-09-18', '20:00', 9, 1); -- Chicuarotes

INSERT INTO FUNCION (fecha, hora, fk_id_pelicula, fk_id_sala) VALUES ('2024-09-19', '15:00', 10, 1); -- The square
INSERT INTO FUNCION (fecha, hora, fk_id_pelicula, fk_id_sala) VALUES ('2024-09-19', '18:00', 11, 1); -- Parasite
INSERT INTO FUNCION (fecha, hora, fk_id_pelicula, fk_id_sala) VALUES ('2024-09-19', '20:00', 12, 1); -- EL baile de la gacela

INSERT INTO FUNCION (fecha, hora, fk_id_pelicula, fk_id_sala) VALUES ('2024-09-20', '15:00', 10, 1); -- The square
INSERT INTO FUNCION (fecha, hora, fk_id_pelicula, fk_id_sala) VALUES ('2024-09-20', '18:00', 11, 1); -- Parasite
INSERT INTO FUNCION (fecha, hora, fk_id_pelicula, fk_id_sala) VALUES ('2024-09-20', '20:00', 12, 1); -- EL baile de la gacela

INSERT INTO FUNCION (fecha, hora, fk_id_pelicula, fk_id_sala) VALUES ('2024-09-21', '15:00', 10, 1); -- The square
INSERT INTO FUNCION (fecha, hora, fk_id_pelicula, fk_id_sala) VALUES ('2024-09-21', '18:00', 11, 1); -- Parasite
INSERT INTO FUNCION (fecha, hora, fk_id_pelicula, fk_id_sala) VALUES ('2024-09-21', '20:00', 12, 1); -- EL baile de la gacela

INSERT INTO FUNCION (fecha, hora, fk_id_pelicula, fk_id_sala) VALUES ('2024-09-22', '15:00', 10, 1); -- The square
INSERT INTO FUNCION (fecha, hora, fk_id_pelicula, fk_id_sala) VALUES ('2024-09-22', '18:00', 11, 1); -- Parasite
INSERT INTO FUNCION (fecha, hora, fk_id_pelicula, fk_id_sala) VALUES ('2024-09-22', '20:00', 12, 1); -- EL baile de la gacela

INSERT INTO FUNCION (fecha, hora, fk_id_pelicula, fk_id_sala) VALUES ('2024-09-23', '15:00', 10, 1); -- The square
INSERT INTO FUNCION (fecha, hora, fk_id_pelicula, fk_id_sala) VALUES ('2024-09-23', '18:00', 11, 1); -- Parasite
INSERT INTO FUNCION (fecha, hora, fk_id_pelicula, fk_id_sala) VALUES ('2024-09-23', '20:00', 12, 1); -- EL baile de la gacela

INSERT INTO FUNCION (fecha, hora, fk_id_pelicula, fk_id_sala) VALUES ('2024-09-24', '15:00', 10, 1); -- The square
INSERT INTO FUNCION (fecha, hora, fk_id_pelicula, fk_id_sala) VALUES ('2024-09-24', '18:00', 11, 1); -- Parasite
INSERT INTO FUNCION (fecha, hora, fk_id_pelicula, fk_id_sala) VALUES ('2024-09-24', '20:00', 12, 1); -- EL baile de la gacela

INSERT INTO FUNCION (fecha, hora, fk_id_pelicula, fk_id_sala) VALUES ('2024-09-25', '15:00', 10, 1); -- The square
INSERT INTO FUNCION (fecha, hora, fk_id_pelicula, fk_id_sala) VALUES ('2024-09-25', '18:00', 11, 1); -- Parasite
INSERT INTO FUNCION (fecha, hora, fk_id_pelicula, fk_id_sala) VALUES ('2024-09-25', '20:00', 12, 1); -- EL baile de la gacela


-- INSERT BOLETOS
INSERT INTO BOLETO (id_boleto, precio, fecha, hora, tipo_de_pago, asiento, fk_id_cliente, fk_id_funcion) VALUES (1, 4000, '2024-09-07', '19:54', 'transferencia bancaria', 'B2', 24, 58);
INSERT INTO BOLETO (id_boleto, precio, fecha, hora, tipo_de_pago, asiento, fk_id_cliente, fk_id_funcion) VALUES (2, 4000, '2024-09-08', '14:12', 'efectivo', 'G1', 17, 38);
INSERT INTO BOLETO (id_boleto, precio, fecha, hora, tipo_de_pago, asiento, fk_id_cliente, fk_id_funcion) VALUES (3, 4000, '2024-09-23', '14:18', 'efectivo', 'G4', 22, 69);
INSERT INTO BOLETO (id_boleto, precio, fecha, hora, tipo_de_pago, asiento, fk_id_cliente, fk_id_funcion) VALUES (4, 4000, '2024-09-15', '17:47', 'transferencia bancaria', 'D4', 7, 49);
INSERT INTO BOLETO (id_boleto, precio, fecha, hora, tipo_de_pago, asiento, fk_id_cliente, fk_id_funcion) VALUES (5, 4000, '2024-09-20', '17:42', 'transferencia bancaria', 'H1', 31, 76);
INSERT INTO BOLETO (id_boleto, precio, fecha, hora, tipo_de_pago, asiento, fk_id_cliente, fk_id_funcion) VALUES (6, 4000, '2024-09-16', '14:06', 'tarjeta de credito', 'H8', 38, 44);
INSERT INTO BOLETO (id_boleto, precio, fecha, hora, tipo_de_pago, asiento, fk_id_cliente, fk_id_funcion) VALUES (7, 4000, '2024-09-12', '14:48', 'tarjeta de debito', 'F13', 5, 30);
INSERT INTO BOLETO (id_boleto, precio, fecha, hora, tipo_de_pago, asiento, fk_id_cliente, fk_id_funcion) VALUES (8, 4000, '2024-09-15', '9:18', 'transferencia bancaria', 'A5', 50, 3);
INSERT INTO BOLETO (id_boleto, precio, fecha, hora, tipo_de_pago, asiento, fk_id_cliente, fk_id_funcion) VALUES (9, 4000, '2024-09-12', '9:15', 'transferencia bancaria', 'E12', 48, 80);
INSERT INTO BOLETO (id_boleto, precio, fecha, hora, tipo_de_pago, asiento, fk_id_cliente, fk_id_funcion) VALUES (10, 4000, '2024-09-12', '8:11', 'efectivo', 'B8', 18, 23);
INSERT INTO BOLETO (id_boleto, precio, fecha, hora, tipo_de_pago, asiento, fk_id_cliente, fk_id_funcion) VALUES (11, 4000, '2024-09-23', '8:37', 'tarjeta de debito', 'D4', 36, 48);
INSERT INTO BOLETO (id_boleto, precio, fecha, hora, tipo_de_pago, asiento, fk_id_cliente, fk_id_funcion) VALUES (12, 4000, '2024-08-31', '13:02', 'tarjeta de debito', 'H7', 38, 82);
INSERT INTO BOLETO (id_boleto, precio, fecha, hora, tipo_de_pago, asiento, fk_id_cliente, fk_id_funcion) VALUES (13, 4000, '2024-09-03', '18:03', 'efectivo', 'B11', 32, 33);
INSERT INTO BOLETO (id_boleto, precio, fecha, hora, tipo_de_pago, asiento, fk_id_cliente, fk_id_funcion) VALUES (14, 4000, '2024-09-08', '11:32', 'tarjeta de debito', 'G8', 48, 48);
INSERT INTO BOLETO (id_boleto, precio, fecha, hora, tipo_de_pago, asiento, fk_id_cliente, fk_id_funcion) VALUES (15, 4000, '2024-09-01', '17:17', 'tarjeta de credito', 'G13', 9, 56);
INSERT INTO BOLETO (id_boleto, precio, fecha, hora, tipo_de_pago, asiento, fk_id_cliente, fk_id_funcion) VALUES (16, 4000, '2024-08-30', '15:34', 'efectivo', 'J12', 13, 44);
INSERT INTO BOLETO (id_boleto, precio, fecha, hora, tipo_de_pago, asiento, fk_id_cliente, fk_id_funcion) VALUES (17, 4000, '2024-09-11', '17:09', 'tarjeta de debito', 'A12', 26, 21);
INSERT INTO BOLETO (id_boleto, precio, fecha, hora, tipo_de_pago, asiento, fk_id_cliente, fk_id_funcion) VALUES (18, 4000, '2024-08-31', '19:18', 'tarjeta de debito', 'C2', 46, 19);
INSERT INTO BOLETO (id_boleto, precio, fecha, hora, tipo_de_pago, asiento, fk_id_cliente, fk_id_funcion) VALUES (19, 4000, '2024-09-15', '12:55', 'tarjeta de debito', 'I11', 36, 42);
INSERT INTO BOLETO (id_boleto, precio, fecha, hora, tipo_de_pago, asiento, fk_id_cliente, fk_id_funcion) VALUES (20, 4000, '2024-09-20', '18:03', 'tarjeta de debito', 'G1', 4, 9);
INSERT INTO BOLETO (id_boleto, precio, fecha, hora, tipo_de_pago, asiento, fk_id_cliente, fk_id_funcion) VALUES (21, 4000, '2024-09-14', '15:27', 'efectivo', 'E1', 47, 35);
INSERT INTO BOLETO (id_boleto, precio, fecha, hora, tipo_de_pago, asiento, fk_id_cliente, fk_id_funcion) VALUES (22, 4000, '2024-08-30', '12:32', 'tarjeta de credito', 'A14', 23, 16);
INSERT INTO BOLETO (id_boleto, precio, fecha, hora, tipo_de_pago, asiento, fk_id_cliente, fk_id_funcion) VALUES (23, 4000, '2024-09-16', '16:05', 'efectivo', 'D8', 9, 6);
INSERT INTO BOLETO (id_boleto, precio, fecha, hora, tipo_de_pago, asiento, fk_id_cliente, fk_id_funcion) VALUES (24, 4000, '2024-09-01', '19:43', 'tarjeta de debito', 'H12', 50, 19);
INSERT INTO BOLETO (id_boleto, precio, fecha, hora, tipo_de_pago, asiento, fk_id_cliente, fk_id_funcion) VALUES (25, 4000, '2024-09-21', '14:59', 'tarjeta de credito', 'B13', 22, 48);
INSERT INTO BOLETO (id_boleto, precio, fecha, hora, tipo_de_pago, asiento, fk_id_cliente, fk_id_funcion) VALUES (26, 4000, '2024-09-10', '8:53', 'transferencia bancaria', 'G1', 15, 75);
INSERT INTO BOLETO (id_boleto, precio, fecha, hora, tipo_de_pago, asiento, fk_id_cliente, fk_id_funcion) VALUES (27, 4000, '2024-09-06', '19:47', 'transferencia bancaria', 'B8', 11, 50);
INSERT INTO BOLETO (id_boleto, precio, fecha, hora, tipo_de_pago, asiento, fk_id_cliente, fk_id_funcion) VALUES (28, 4000, '2024-09-02', '13:49', 'tarjeta de credito', 'B9', 2, 25);
INSERT INTO BOLETO (id_boleto, precio, fecha, hora, tipo_de_pago, asiento, fk_id_cliente, fk_id_funcion) VALUES (29, 4000, '2024-09-09', '17:30', 'tarjeta de debito', 'D5', 8, 14);
INSERT INTO BOLETO (id_boleto, precio, fecha, hora, tipo_de_pago, asiento, fk_id_cliente, fk_id_funcion) VALUES (30, 4000, '2024-09-07', '13:59', 'tarjeta de credito', 'F1', 19, 22);
INSERT INTO BOLETO (id_boleto, precio, fecha, hora, tipo_de_pago, asiento, fk_id_cliente, fk_id_funcion) VALUES (31, 4000, '2024-09-22', '19:11', 'efectivo', 'B3', 47, 19);
INSERT INTO BOLETO (id_boleto, precio, fecha, hora, tipo_de_pago, asiento, fk_id_cliente, fk_id_funcion) VALUES (32, 4000, '2024-09-17', '17:50', 'efectivo', 'F6', 5, 26);
INSERT INTO BOLETO (id_boleto, precio, fecha, hora, tipo_de_pago, asiento, fk_id_cliente, fk_id_funcion) VALUES (33, 4000, '2024-09-04', '17:59', 'transferencia bancaria', 'A8', 37, 31);
INSERT INTO BOLETO (id_boleto, precio, fecha, hora, tipo_de_pago, asiento, fk_id_cliente, fk_id_funcion) VALUES (34, 4000, '2024-09-04', '8:44', 'efectivo', 'G7', 3, 50);
INSERT INTO BOLETO (id_boleto, precio, fecha, hora, tipo_de_pago, asiento, fk_id_cliente, fk_id_funcion) VALUES (35, 4000, '2024-09-22', '16:33', 'transferencia bancaria', 'I6', 34, 14);
INSERT INTO BOLETO (id_boleto, precio, fecha, hora, tipo_de_pago, asiento, fk_id_cliente, fk_id_funcion) VALUES (36, 4000, '2024-08-31', '15:53', 'efectivo', 'C8', 46, 49);
INSERT INTO BOLETO (id_boleto, precio, fecha, hora, tipo_de_pago, asiento, fk_id_cliente, fk_id_funcion) VALUES (37, 4000, '2024-08-31', '14:10', 'tarjeta de debito', 'I9', 1, 26);
INSERT INTO BOLETO (id_boleto, precio, fecha, hora, tipo_de_pago, asiento, fk_id_cliente, fk_id_funcion) VALUES (38, 4000, '2024-09-17', '18:12', 'efectivo', 'D9', 26, 30);
INSERT INTO BOLETO (id_boleto, precio, fecha, hora, tipo_de_pago, asiento, fk_id_cliente, fk_id_funcion) VALUES (39, 4000, '2024-09-22', '12:23', 'tarjeta de credito', 'A10', 20, 58);
INSERT INTO BOLETO (id_boleto, precio, fecha, hora, tipo_de_pago, asiento, fk_id_cliente, fk_id_funcion) VALUES (40, 4000, '2024-09-15', '9:51', 'transferencia bancaria', 'C3', 40, 12);
INSERT INTO BOLETO (id_boleto, precio, fecha, hora, tipo_de_pago, asiento, fk_id_cliente, fk_id_funcion) VALUES (41, 4000, '2024-08-29', '18:37', 'tarjeta de debito', 'H4', 34, 14);
INSERT INTO BOLETO (id_boleto, precio, fecha, hora, tipo_de_pago, asiento, fk_id_cliente, fk_id_funcion) VALUES (42, 4000, '2024-09-20', '16:58', 'tarjeta de debito', 'D9', 45, 80);
INSERT INTO BOLETO (id_boleto, precio, fecha, hora, tipo_de_pago, asiento, fk_id_cliente, fk_id_funcion) VALUES (43, 4000, '2024-09-12', '20:17', 'efectivo', 'B6', 37, 21);
INSERT INTO BOLETO (id_boleto, precio, fecha, hora, tipo_de_pago, asiento, fk_id_cliente, fk_id_funcion) VALUES (44, 4000, '2024-09-15', '18:42', 'efectivo', 'A14', 23, 38);
INSERT INTO BOLETO (id_boleto, precio, fecha, hora, tipo_de_pago, asiento, fk_id_cliente, fk_id_funcion) VALUES (45, 4000, '2024-09-02', '14:13', 'tarjeta de credito', 'E8', 1, 43);
INSERT INTO BOLETO (id_boleto, precio, fecha, hora, tipo_de_pago, asiento, fk_id_cliente, fk_id_funcion) VALUES (46, 4000, '2024-09-22', '20:37', 'tarjeta de credito', 'H14', 24, 12);
INSERT INTO BOLETO (id_boleto, precio, fecha, hora, tipo_de_pago, asiento, fk_id_cliente, fk_id_funcion) VALUES (47, 4000, '2024-09-15', '11:54', 'tarjeta de debito', 'G5', 38, 58);
INSERT INTO BOLETO (id_boleto, precio, fecha, hora, tipo_de_pago, asiento, fk_id_cliente, fk_id_funcion) VALUES (48, 4000, '2024-09-20', '11:27', 'tarjeta de credito', 'A8', 15, 59);
INSERT INTO BOLETO (id_boleto, precio, fecha, hora, tipo_de_pago, asiento, fk_id_cliente, fk_id_funcion) VALUES (49, 4000, '2024-09-10', '17:10', 'efectivo', 'I4', 38, 84);
INSERT INTO BOLETO (id_boleto, precio, fecha, hora, tipo_de_pago, asiento, fk_id_cliente, fk_id_funcion) VALUES (50, 4000, '2024-09-18', '17:13', 'tarjeta de credito', 'I3', 46, 56);
INSERT INTO BOLETO (id_boleto, precio, fecha, hora, tipo_de_pago, asiento, fk_id_cliente, fk_id_funcion) VALUES (51, 4000, '2024-09-17', '13:07', 'tarjeta de debito', 'D7', 16, 70);
INSERT INTO BOLETO (id_boleto, precio, fecha, hora, tipo_de_pago, asiento, fk_id_cliente, fk_id_funcion) VALUES (52, 4000, '2024-09-20', '15:07', 'transferencia bancaria', 'B5', 19, 49);
INSERT INTO BOLETO (id_boleto, precio, fecha, hora, tipo_de_pago, asiento, fk_id_cliente, fk_id_funcion) VALUES (53, 4000, '2024-09-20', '19:23', 'tarjeta de debito', 'G12', 15, 46);
INSERT INTO BOLETO (id_boleto, precio, fecha, hora, tipo_de_pago, asiento, fk_id_cliente, fk_id_funcion) VALUES (54, 4000, '2024-09-10', '14:47', 'efectivo', 'E10', 4, 14);
INSERT INTO BOLETO (id_boleto, precio, fecha, hora, tipo_de_pago, asiento, fk_id_cliente, fk_id_funcion) VALUES (55, 4000, '2024-09-21', '20:15', 'tarjeta de credito', 'C6', 25, 35);
INSERT INTO BOLETO (id_boleto, precio, fecha, hora, tipo_de_pago, asiento, fk_id_cliente, fk_id_funcion) VALUES (56, 4000, '2024-09-23', '9:46', 'tarjeta de debito', 'F9', 50, 68);
INSERT INTO BOLETO (id_boleto, precio, fecha, hora, tipo_de_pago, asiento, fk_id_cliente, fk_id_funcion) VALUES (57, 4000, '2024-08-29', '10:54', 'tarjeta de debito', 'D6', 9, 53);
INSERT INTO BOLETO (id_boleto, precio, fecha, hora, tipo_de_pago, asiento, fk_id_cliente, fk_id_funcion) VALUES (58, 4000, '2024-09-17', '8:21', 'tarjeta de credito', 'E9', 46, 83);
INSERT INTO BOLETO (id_boleto, precio, fecha, hora, tipo_de_pago, asiento, fk_id_cliente, fk_id_funcion) VALUES (59, 4000, '2024-09-21', '19:47', 'transferencia bancaria', 'F3', 33, 15);
INSERT INTO BOLETO (id_boleto, precio, fecha, hora, tipo_de_pago, asiento, fk_id_cliente, fk_id_funcion) VALUES (60, 4000, '2024-08-31', '11:15', 'efectivo', 'G11', 4, 76);
INSERT INTO BOLETO (id_boleto, precio, fecha, hora, tipo_de_pago, asiento, fk_id_cliente, fk_id_funcion) VALUES (61, 4000, '2024-08-29', '16:47', 'efectivo', 'I2', 28, 3);
INSERT INTO BOLETO (id_boleto, precio, fecha, hora, tipo_de_pago, asiento, fk_id_cliente, fk_id_funcion) VALUES (62, 4000, '2024-09-04', '14:34', 'efectivo', 'G8', 18, 63);
INSERT INTO BOLETO (id_boleto, precio, fecha, hora, tipo_de_pago, asiento, fk_id_cliente, fk_id_funcion) VALUES (63, 4000, '2024-09-21', '13:33', 'tarjeta de credito', 'F14', 47, 30);
INSERT INTO BOLETO (id_boleto, precio, fecha, hora, tipo_de_pago, asiento, fk_id_cliente, fk_id_funcion) VALUES (64, 4000, '2024-09-16', '11:40', 'tarjeta de credito', 'B11', 22, 60);
INSERT INTO BOLETO (id_boleto, precio, fecha, hora, tipo_de_pago, asiento, fk_id_cliente, fk_id_funcion) VALUES (65, 4000, '2024-09-14', '20:00', 'tarjeta de debito', 'A9', 8, 42);
INSERT INTO BOLETO (id_boleto, precio, fecha, hora, tipo_de_pago, asiento, fk_id_cliente, fk_id_funcion) VALUES (66, 4000, '2024-09-06', '19:43', 'tarjeta de debito', 'H6', 47, 61);
INSERT INTO BOLETO (id_boleto, precio, fecha, hora, tipo_de_pago, asiento, fk_id_cliente, fk_id_funcion) VALUES (67, 4000, '2024-09-03', '14:36', 'tarjeta de debito', 'G4', 16, 79);
INSERT INTO BOLETO (id_boleto, precio, fecha, hora, tipo_de_pago, asiento, fk_id_cliente, fk_id_funcion) VALUES (68, 4000, '2024-09-02', '13:33', 'efectivo', 'H3', 4, 53);
INSERT INTO BOLETO (id_boleto, precio, fecha, hora, tipo_de_pago, asiento, fk_id_cliente, fk_id_funcion) VALUES (69, 4000, '2024-09-18', '18:00', 'tarjeta de credito', 'H5', 29, 47);
INSERT INTO BOLETO (id_boleto, precio, fecha, hora, tipo_de_pago, asiento, fk_id_cliente, fk_id_funcion) VALUES (70, 4000, '2024-09-13', '12:50', 'tarjeta de debito', 'H11', 18, 59);
INSERT INTO BOLETO (id_boleto, precio, fecha, hora, tipo_de_pago, asiento, fk_id_cliente, fk_id_funcion) VALUES (71, 4000, '2024-09-15', '16:03', 'efectivo', 'G7', 7, 55);
INSERT INTO BOLETO (id_boleto, precio, fecha, hora, tipo_de_pago, asiento, fk_id_cliente, fk_id_funcion) VALUES (72, 4000, '2024-09-18', '14:32', 'efectivo', 'G12', 33, 80);
INSERT INTO BOLETO (id_boleto, precio, fecha, hora, tipo_de_pago, asiento, fk_id_cliente, fk_id_funcion) VALUES (73, 4000, '2024-09-04', '19:41', 'efectivo', 'D3', 38, 63);
INSERT INTO BOLETO (id_boleto, precio, fecha, hora, tipo_de_pago, asiento, fk_id_cliente, fk_id_funcion) VALUES (74, 4000, '2024-09-07', '11:06', 'tarjeta de debito', 'H6', 37, 84);
INSERT INTO BOLETO (id_boleto, precio, fecha, hora, tipo_de_pago, asiento, fk_id_cliente, fk_id_funcion) VALUES (75, 4000, '2024-09-06', '13:14', 'tarjeta de debito', 'J4', 37, 63);
INSERT INTO BOLETO (id_boleto, precio, fecha, hora, tipo_de_pago, asiento, fk_id_cliente, fk_id_funcion) VALUES (76, 4000, '2024-09-20', '18:00', 'transferencia bancaria', 'G2', 37, 43);
INSERT INTO BOLETO (id_boleto, precio, fecha, hora, tipo_de_pago, asiento, fk_id_cliente, fk_id_funcion) VALUES (77, 4000, '2024-09-08', '15:47', 'tarjeta de credito', 'D6', 17, 23);
INSERT INTO BOLETO (id_boleto, precio, fecha, hora, tipo_de_pago, asiento, fk_id_cliente, fk_id_funcion) VALUES (78, 4000, '2024-09-03', '10:14', 'transferencia bancaria', 'D9', 7, 77);
INSERT INTO BOLETO (id_boleto, precio, fecha, hora, tipo_de_pago, asiento, fk_id_cliente, fk_id_funcion) VALUES (79, 4000, '2024-09-04', '12:08', 'tarjeta de debito', 'E12', 41, 60);
INSERT INTO BOLETO (id_boleto, precio, fecha, hora, tipo_de_pago, asiento, fk_id_cliente, fk_id_funcion) VALUES (80, 4000, '2024-09-08', '8:19', 'efectivo', 'J5', 45, 17);
INSERT INTO BOLETO (id_boleto, precio, fecha, hora, tipo_de_pago, asiento, fk_id_cliente, fk_id_funcion) VALUES (81, 4000, '2024-09-13', '9:27', 'transferencia bancaria', 'I7', 26, 83);
INSERT INTO BOLETO (id_boleto, precio, fecha, hora, tipo_de_pago, asiento, fk_id_cliente, fk_id_funcion) VALUES (82, 4000, '2024-09-16', '13:17', 'tarjeta de debito', 'E13', 2, 45);
INSERT INTO BOLETO (id_boleto, precio, fecha, hora, tipo_de_pago, asiento, fk_id_cliente, fk_id_funcion) VALUES (83, 4000, '2024-08-29', '17:49', 'tarjeta de debito', 'A3', 41, 58);
INSERT INTO BOLETO (id_boleto, precio, fecha, hora, tipo_de_pago, asiento, fk_id_cliente, fk_id_funcion) VALUES (84, 4000, '2024-08-30', '17:23', 'transferencia bancaria', 'E12', 4, 21);
INSERT INTO BOLETO (id_boleto, precio, fecha, hora, tipo_de_pago, asiento, fk_id_cliente, fk_id_funcion) VALUES (85, 4000, '2024-09-19', '18:12', 'transferencia bancaria', 'C13', 6, 47);
INSERT INTO BOLETO (id_boleto, precio, fecha, hora, tipo_de_pago, asiento, fk_id_cliente, fk_id_funcion) VALUES (86, 4000, '2024-09-19', '9:41', 'transferencia bancaria', 'D10', 17, 49);
INSERT INTO BOLETO (id_boleto, precio, fecha, hora, tipo_de_pago, asiento, fk_id_cliente, fk_id_funcion) VALUES (87, 4000, '2024-09-19', '9:16', 'transferencia bancaria', 'C1', 9, 62);
INSERT INTO BOLETO (id_boleto, precio, fecha, hora, tipo_de_pago, asiento, fk_id_cliente, fk_id_funcion) VALUES (88, 4000, '2024-09-15', '13:10', 'tarjeta de credito', 'D11', 10, 51);
INSERT INTO BOLETO (id_boleto, precio, fecha, hora, tipo_de_pago, asiento, fk_id_cliente, fk_id_funcion) VALUES (89, 4000, '2024-09-01', '15:07', 'tarjeta de credito', 'B10', 9, 14);
INSERT INTO BOLETO (id_boleto, precio, fecha, hora, tipo_de_pago, asiento, fk_id_cliente, fk_id_funcion) VALUES (90, 4000, '2024-09-15', '17:08', 'transferencia bancaria', 'B14', 1, 29);
INSERT INTO BOLETO (id_boleto, precio, fecha, hora, tipo_de_pago, asiento, fk_id_cliente, fk_id_funcion) VALUES (91, 4000, '2024-09-04', '12:37', 'tarjeta de debito', 'E6', 48, 61);
INSERT INTO BOLETO (id_boleto, precio, fecha, hora, tipo_de_pago, asiento, fk_id_cliente, fk_id_funcion) VALUES (92, 4000, '2024-09-24', '15:27', 'transferencia bancaria', 'H6', 9, 14);
INSERT INTO BOLETO (id_boleto, precio, fecha, hora, tipo_de_pago, asiento, fk_id_cliente, fk_id_funcion) VALUES (93, 4000, '2024-08-31', '19:01', 'tarjeta de debito', 'F2', 2, 55);
INSERT INTO BOLETO (id_boleto, precio, fecha, hora, tipo_de_pago, asiento, fk_id_cliente, fk_id_funcion) VALUES (94, 4000, '2024-09-17', '9:46', 'tarjeta de credito', 'A8', 27, 12);
INSERT INTO BOLETO (id_boleto, precio, fecha, hora, tipo_de_pago, asiento, fk_id_cliente, fk_id_funcion) VALUES (95, 4000, '2024-09-19', '8:40', 'transferencia bancaria', 'C14', 12, 35);
INSERT INTO BOLETO (id_boleto, precio, fecha, hora, tipo_de_pago, asiento, fk_id_cliente, fk_id_funcion) VALUES (96, 4000, '2024-09-03', '9:32', 'efectivo', 'J11', 3, 29);
INSERT INTO BOLETO (id_boleto, precio, fecha, hora, tipo_de_pago, asiento, fk_id_cliente, fk_id_funcion) VALUES (97, 4000, '2024-08-29', '11:49', 'tarjeta de debito', 'I8', 9, 29);
INSERT INTO BOLETO (id_boleto, precio, fecha, hora, tipo_de_pago, asiento, fk_id_cliente, fk_id_funcion) VALUES (98, 4000, '2024-09-22', '10:39', 'tarjeta de debito', 'F6', 46, 10);
INSERT INTO BOLETO (id_boleto, precio, fecha, hora, tipo_de_pago, asiento, fk_id_cliente, fk_id_funcion) VALUES (99, 4000, '2024-09-18', '16:20', 'efectivo', 'I11', 46, 68);
INSERT INTO BOLETO (id_boleto, precio, fecha, hora, tipo_de_pago, asiento, fk_id_cliente, fk_id_funcion) VALUES (100, 4000, '2024-09-11', '16:04', 'transferencia bancaria', 'J5', 22, 60);
INSERT INTO BOLETO (id_boleto, precio, fecha, hora, tipo_de_pago, asiento, fk_id_cliente, fk_id_funcion) VALUES (101, 4000, '2024-09-04', '15:22', 'tarjeta de debito', 'A7', 1, 30);
INSERT INTO BOLETO (id_boleto, precio, fecha, hora, tipo_de_pago, asiento, fk_id_cliente, fk_id_funcion) VALUES (102, 4000, '2024-09-07', '8:26', 'tarjeta de debito', 'H7', 19, 14);
INSERT INTO BOLETO (id_boleto, precio, fecha, hora, tipo_de_pago, asiento, fk_id_cliente, fk_id_funcion) VALUES (103, 4000, '2024-09-18', '18:37', 'transferencia bancaria', 'G11', 18, 29);
INSERT INTO BOLETO (id_boleto, precio, fecha, hora, tipo_de_pago, asiento, fk_id_cliente, fk_id_funcion) VALUES (104, 4000, '2024-09-12', '9:12', 'tarjeta de debito', 'C4', 7, 29);
INSERT INTO BOLETO (id_boleto, precio, fecha, hora, tipo_de_pago, asiento, fk_id_cliente, fk_id_funcion) VALUES (105, 4000, '2024-09-24', '17:29', 'tarjeta de debito', 'J5', 40, 69);
INSERT INTO BOLETO (id_boleto, precio, fecha, hora, tipo_de_pago, asiento, fk_id_cliente, fk_id_funcion) VALUES (106, 4000, '2024-09-24', '15:05', 'tarjeta de debito', 'B10', 22, 9);
INSERT INTO BOLETO (id_boleto, precio, fecha, hora, tipo_de_pago, asiento, fk_id_cliente, fk_id_funcion) VALUES (107, 4000, '2024-09-05', '8:48', 'transferencia bancaria', 'D1', 13, 12);
INSERT INTO BOLETO (id_boleto, precio, fecha, hora, tipo_de_pago, asiento, fk_id_cliente, fk_id_funcion) VALUES (108, 4000, '2024-09-01', '11:13', 'transferencia bancaria', 'J14', 8, 51);
INSERT INTO BOLETO (id_boleto, precio, fecha, hora, tipo_de_pago, asiento, fk_id_cliente, fk_id_funcion) VALUES (109, 4000, '2024-09-23', '20:26', 'tarjeta de debito', 'B14', 38, 10);
INSERT INTO BOLETO (id_boleto, precio, fecha, hora, tipo_de_pago, asiento, fk_id_cliente, fk_id_funcion) VALUES (110, 4000, '2024-09-22', '9:06', 'transferencia bancaria', 'A14', 29, 64);
INSERT INTO BOLETO (id_boleto, precio, fecha, hora, tipo_de_pago, asiento, fk_id_cliente, fk_id_funcion) VALUES (111, 4000, '2024-09-01', '10:50', 'transferencia bancaria', 'H11', 21, 21);
INSERT INTO BOLETO (id_boleto, precio, fecha, hora, tipo_de_pago, asiento, fk_id_cliente, fk_id_funcion) VALUES (112, 4000, '2024-09-09', '8:23', 'tarjeta de debito', 'J1', 11, 50);
INSERT INTO BOLETO (id_boleto, precio, fecha, hora, tipo_de_pago, asiento, fk_id_cliente, fk_id_funcion) VALUES (113, 4000, '2024-09-02', '13:49', 'transferencia bancaria', 'B14', 10, 22);
INSERT INTO BOLETO (id_boleto, precio, fecha, hora, tipo_de_pago, asiento, fk_id_cliente, fk_id_funcion) VALUES (114, 4000, '2024-09-23', '9:21', 'transferencia bancaria', 'H13', 12, 79);
INSERT INTO BOLETO (id_boleto, precio, fecha, hora, tipo_de_pago, asiento, fk_id_cliente, fk_id_funcion) VALUES (115, 4000, '2024-09-21', '10:38', 'efectivo', 'G11', 12, 21);
INSERT INTO BOLETO (id_boleto, precio, fecha, hora, tipo_de_pago, asiento, fk_id_cliente, fk_id_funcion) VALUES (116, 4000, '2024-09-13', '18:49', 'tarjeta de debito', 'B14', 29, 11);
INSERT INTO BOLETO (id_boleto, precio, fecha, hora, tipo_de_pago, asiento, fk_id_cliente, fk_id_funcion) VALUES (117, 4000, '2024-09-05', '19:31', 'efectivo', 'D3', 48, 77);
INSERT INTO BOLETO (id_boleto, precio, fecha, hora, tipo_de_pago, asiento, fk_id_cliente, fk_id_funcion) VALUES (118, 4000, '2024-09-04', '16:39', 'tarjeta de credito', 'H13', 23, 8);
INSERT INTO BOLETO (id_boleto, precio, fecha, hora, tipo_de_pago, asiento, fk_id_cliente, fk_id_funcion) VALUES (119, 4000, '2024-09-20', '11:22', 'tarjeta de credito', 'J14', 24, 2);
INSERT INTO BOLETO (id_boleto, precio, fecha, hora, tipo_de_pago, asiento, fk_id_cliente, fk_id_funcion) VALUES (120, 4000, '2024-08-30', '20:18', 'tarjeta de credito', 'F5', 15, 70);
INSERT INTO BOLETO (id_boleto, precio, fecha, hora, tipo_de_pago, asiento, fk_id_cliente, fk_id_funcion) VALUES (121, 4000, '2024-09-02', '11:05', 'transferencia bancaria', 'D13', 21, 78);
INSERT INTO BOLETO (id_boleto, precio, fecha, hora, tipo_de_pago, asiento, fk_id_cliente, fk_id_funcion) VALUES (122, 4000, '2024-09-01', '17:36', 'transferencia bancaria', 'I5', 42, 24);
INSERT INTO BOLETO (id_boleto, precio, fecha, hora, tipo_de_pago, asiento, fk_id_cliente, fk_id_funcion) VALUES (123, 4000, '2024-09-05', '9:36', 'tarjeta de credito', 'G2', 39, 63);
INSERT INTO BOLETO (id_boleto, precio, fecha, hora, tipo_de_pago, asiento, fk_id_cliente, fk_id_funcion) VALUES (124, 4000, '2024-09-09', '12:41', 'tarjeta de credito', 'F14', 38, 15);
INSERT INTO BOLETO (id_boleto, precio, fecha, hora, tipo_de_pago, asiento, fk_id_cliente, fk_id_funcion) VALUES (125, 4000, '2024-09-21', '12:03', 'tarjeta de debito', 'I12', 40, 12);
INSERT INTO BOLETO (id_boleto, precio, fecha, hora, tipo_de_pago, asiento, fk_id_cliente, fk_id_funcion) VALUES (126, 4000, '2024-08-29', '17:30', 'tarjeta de debito', 'F2', 28, 44);
INSERT INTO BOLETO (id_boleto, precio, fecha, hora, tipo_de_pago, asiento, fk_id_cliente, fk_id_funcion) VALUES (127, 4000, '2024-09-02', '18:25', 'efectivo', 'I12', 16, 46);
INSERT INTO BOLETO (id_boleto, precio, fecha, hora, tipo_de_pago, asiento, fk_id_cliente, fk_id_funcion) VALUES (128, 4000, '2024-09-10', '20:57', 'tarjeta de debito', 'J9', 37, 59);
INSERT INTO BOLETO (id_boleto, precio, fecha, hora, tipo_de_pago, asiento, fk_id_cliente, fk_id_funcion) VALUES (129, 4000, '2024-09-18', '11:14', 'tarjeta de credito', 'E12', 11, 18);
INSERT INTO BOLETO (id_boleto, precio, fecha, hora, tipo_de_pago, asiento, fk_id_cliente, fk_id_funcion) VALUES (130, 4000, '2024-09-05', '8:33', 'tarjeta de credito', 'C13', 14, 8);
INSERT INTO BOLETO (id_boleto, precio, fecha, hora, tipo_de_pago, asiento, fk_id_cliente, fk_id_funcion) VALUES (131, 4000, '2024-09-17', '20:03', 'tarjeta de debito', 'G4', 9, 10);
INSERT INTO BOLETO (id_boleto, precio, fecha, hora, tipo_de_pago, asiento, fk_id_cliente, fk_id_funcion) VALUES (132, 4000, '2024-09-08', '8:38', 'efectivo', 'G6', 16, 41);
INSERT INTO BOLETO (id_boleto, precio, fecha, hora, tipo_de_pago, asiento, fk_id_cliente, fk_id_funcion) VALUES (133, 4000, '2024-08-31', '8:49', 'tarjeta de credito', 'G9', 18, 38);
INSERT INTO BOLETO (id_boleto, precio, fecha, hora, tipo_de_pago, asiento, fk_id_cliente, fk_id_funcion) VALUES (134, 4000, '2024-09-15', '12:07', 'transferencia bancaria', 'E11', 20, 49);
INSERT INTO BOLETO (id_boleto, precio, fecha, hora, tipo_de_pago, asiento, fk_id_cliente, fk_id_funcion) VALUES (135, 4000, '2024-09-18', '8:17', 'efectivo', 'I2', 2, 2);
INSERT INTO BOLETO (id_boleto, precio, fecha, hora, tipo_de_pago, asiento, fk_id_cliente, fk_id_funcion) VALUES (136, 4000, '2024-08-29', '20:08', 'transferencia bancaria', 'A8', 5, 53);
INSERT INTO BOLETO (id_boleto, precio, fecha, hora, tipo_de_pago, asiento, fk_id_cliente, fk_id_funcion) VALUES (137, 4000, '2024-08-30', '19:31', 'tarjeta de debito', 'H14', 30, 21);
INSERT INTO BOLETO (id_boleto, precio, fecha, hora, tipo_de_pago, asiento, fk_id_cliente, fk_id_funcion) VALUES (138, 4000, '2024-09-12', '11:36', 'efectivo', 'G11', 39, 41);
INSERT INTO BOLETO (id_boleto, precio, fecha, hora, tipo_de_pago, asiento, fk_id_cliente, fk_id_funcion) VALUES (139, 4000, '2024-09-24', '16:49', 'tarjeta de credito', 'B8', 39, 14);
INSERT INTO BOLETO (id_boleto, precio, fecha, hora, tipo_de_pago, asiento, fk_id_cliente, fk_id_funcion) VALUES (140, 4000, '2024-09-01', '20:37', 'transferencia bancaria', 'A8', 42, 47);
INSERT INTO BOLETO (id_boleto, precio, fecha, hora, tipo_de_pago, asiento, fk_id_cliente, fk_id_funcion) VALUES (141, 4000, '2024-09-04', '12:10', 'tarjeta de credito', 'A4', 31, 79);
INSERT INTO BOLETO (id_boleto, precio, fecha, hora, tipo_de_pago, asiento, fk_id_cliente, fk_id_funcion) VALUES (142, 4000, '2024-08-30', '13:20', 'transferencia bancaria', 'G1', 32, 28);
INSERT INTO BOLETO (id_boleto, precio, fecha, hora, tipo_de_pago, asiento, fk_id_cliente, fk_id_funcion) VALUES (143, 4000, '2024-09-06', '12:36', 'tarjeta de debito', 'F11', 33, 8);
INSERT INTO BOLETO (id_boleto, precio, fecha, hora, tipo_de_pago, asiento, fk_id_cliente, fk_id_funcion) VALUES (144, 4000, '2024-09-22', '19:13', 'tarjeta de debito', 'C1', 49, 49);
INSERT INTO BOLETO (id_boleto, precio, fecha, hora, tipo_de_pago, asiento, fk_id_cliente, fk_id_funcion) VALUES (145, 4000, '2024-09-09', '15:30', 'efectivo', 'C3', 31, 30);
INSERT INTO BOLETO (id_boleto, precio, fecha, hora, tipo_de_pago, asiento, fk_id_cliente, fk_id_funcion) VALUES (146, 4000, '2024-09-17', '11:24', 'tarjeta de credito', 'I4', 1, 40);
INSERT INTO BOLETO (id_boleto, precio, fecha, hora, tipo_de_pago, asiento, fk_id_cliente, fk_id_funcion) VALUES (147, 4000, '2024-09-08', '20:52', 'tarjeta de credito', 'G13', 37, 3);
INSERT INTO BOLETO (id_boleto, precio, fecha, hora, tipo_de_pago, asiento, fk_id_cliente, fk_id_funcion) VALUES (148, 4000, '2024-09-04', '17:17', 'tarjeta de debito', 'B11', 35, 70);
INSERT INTO BOLETO (id_boleto, precio, fecha, hora, tipo_de_pago, asiento, fk_id_cliente, fk_id_funcion) VALUES (149, 4000, '2024-09-21', '8:15', 'tarjeta de debito', 'J12', 45, 26);
INSERT INTO BOLETO (id_boleto, precio, fecha, hora, tipo_de_pago, asiento, fk_id_cliente, fk_id_funcion) VALUES (150, 4000, '2024-09-02', '8:21', 'transferencia bancaria', 'G3', 13, 36);
INSERT INTO BOLETO (id_boleto, precio, fecha, hora, tipo_de_pago, asiento, fk_id_cliente, fk_id_funcion) VALUES (151, 4000, '2024-09-22', '11:56', 'tarjeta de debito', 'B1', 13, 12);
INSERT INTO BOLETO (id_boleto, precio, fecha, hora, tipo_de_pago, asiento, fk_id_cliente, fk_id_funcion) VALUES (152, 4000, '2024-09-24', '15:51', 'efectivo', 'I3', 23, 50);
INSERT INTO BOLETO (id_boleto, precio, fecha, hora, tipo_de_pago, asiento, fk_id_cliente, fk_id_funcion) VALUES (153, 4000, '2024-09-20', '10:06', 'efectivo', 'C9', 16, 50);
INSERT INTO BOLETO (id_boleto, precio, fecha, hora, tipo_de_pago, asiento, fk_id_cliente, fk_id_funcion) VALUES (154, 4000, '2024-09-08', '15:36', 'tarjeta de credito', 'H10', 7, 78);
INSERT INTO BOLETO (id_boleto, precio, fecha, hora, tipo_de_pago, asiento, fk_id_cliente, fk_id_funcion) VALUES (155, 4000, '2024-09-05', '15:47', 'transferencia bancaria', 'C4', 43, 34);
INSERT INTO BOLETO (id_boleto, precio, fecha, hora, tipo_de_pago, asiento, fk_id_cliente, fk_id_funcion) VALUES (156, 4000, '2024-09-14', '17:49', 'efectivo', 'A6', 18, 50);
INSERT INTO BOLETO (id_boleto, precio, fecha, hora, tipo_de_pago, asiento, fk_id_cliente, fk_id_funcion) VALUES (157, 4000, '2024-09-15', '10:50', 'transferencia bancaria', 'I1', 15, 83);
INSERT INTO BOLETO (id_boleto, precio, fecha, hora, tipo_de_pago, asiento, fk_id_cliente, fk_id_funcion) VALUES (158, 4000, '2024-09-21', '17:10', 'transferencia bancaria', 'E5', 35, 81);
INSERT INTO BOLETO (id_boleto, precio, fecha, hora, tipo_de_pago, asiento, fk_id_cliente, fk_id_funcion) VALUES (159, 4000, '2024-09-24', '12:01', 'transferencia bancaria', 'B10', 43, 62);
INSERT INTO BOLETO (id_boleto, precio, fecha, hora, tipo_de_pago, asiento, fk_id_cliente, fk_id_funcion) VALUES (160, 4000, '2024-09-07', '15:36', 'tarjeta de debito', 'A9', 44, 60);
INSERT INTO BOLETO (id_boleto, precio, fecha, hora, tipo_de_pago, asiento, fk_id_cliente, fk_id_funcion) VALUES (161, 4000, '2024-09-23', '13:33', 'tarjeta de debito', 'C2', 2, 31);
INSERT INTO BOLETO (id_boleto, precio, fecha, hora, tipo_de_pago, asiento, fk_id_cliente, fk_id_funcion) VALUES (162, 4000, '2024-09-16', '18:39', 'efectivo', 'J5', 29, 77);
INSERT INTO BOLETO (id_boleto, precio, fecha, hora, tipo_de_pago, asiento, fk_id_cliente, fk_id_funcion) VALUES (163, 4000, '2024-09-03', '16:33', 'tarjeta de debito', 'A4', 9, 62);
INSERT INTO BOLETO (id_boleto, precio, fecha, hora, tipo_de_pago, asiento, fk_id_cliente, fk_id_funcion) VALUES (164, 4000, '2024-09-23', '18:09', 'transferencia bancaria', 'A5', 12, 54);
INSERT INTO BOLETO (id_boleto, precio, fecha, hora, tipo_de_pago, asiento, fk_id_cliente, fk_id_funcion) VALUES (165, 4000, '2024-09-04', '17:07', 'efectivo', 'F13', 21, 68);
INSERT INTO BOLETO (id_boleto, precio, fecha, hora, tipo_de_pago, asiento, fk_id_cliente, fk_id_funcion) VALUES (166, 4000, '2024-09-07', '13:33', 'tarjeta de debito', 'D13', 11, 57);
INSERT INTO BOLETO (id_boleto, precio, fecha, hora, tipo_de_pago, asiento, fk_id_cliente, fk_id_funcion) VALUES (167, 4000, '2024-09-20', '10:17', 'tarjeta de credito', 'J11', 16, 38);
INSERT INTO BOLETO (id_boleto, precio, fecha, hora, tipo_de_pago, asiento, fk_id_cliente, fk_id_funcion) VALUES (168, 4000, '2024-09-08', '11:56', 'transferencia bancaria', 'F9', 2, 84);
INSERT INTO BOLETO (id_boleto, precio, fecha, hora, tipo_de_pago, asiento, fk_id_cliente, fk_id_funcion) VALUES (169, 4000, '2024-08-30', '16:47', 'efectivo', 'C6', 14, 56);
INSERT INTO BOLETO (id_boleto, precio, fecha, hora, tipo_de_pago, asiento, fk_id_cliente, fk_id_funcion) VALUES (170, 4000, '2024-09-07', '10:03', 'transferencia bancaria', 'H8', 16, 58);
INSERT INTO BOLETO (id_boleto, precio, fecha, hora, tipo_de_pago, asiento, fk_id_cliente, fk_id_funcion) VALUES (171, 4000, '2024-09-13', '10:22', 'efectivo', 'A2', 20, 60);
INSERT INTO BOLETO (id_boleto, precio, fecha, hora, tipo_de_pago, asiento, fk_id_cliente, fk_id_funcion) VALUES (172, 4000, '2024-09-08', '10:30', 'transferencia bancaria', 'C2', 3, 62);
INSERT INTO BOLETO (id_boleto, precio, fecha, hora, tipo_de_pago, asiento, fk_id_cliente, fk_id_funcion) VALUES (173, 4000, '2024-09-21', '9:03', 'tarjeta de credito', 'H7', 13, 17);
INSERT INTO BOLETO (id_boleto, precio, fecha, hora, tipo_de_pago, asiento, fk_id_cliente, fk_id_funcion) VALUES (174, 4000, '2024-09-18', '8:29', 'efectivo', 'H3', 34, 26);
INSERT INTO BOLETO (id_boleto, precio, fecha, hora, tipo_de_pago, asiento, fk_id_cliente, fk_id_funcion) VALUES (175, 4000, '2024-09-03', '11:33', 'transferencia bancaria', 'I8', 49, 53);
INSERT INTO BOLETO (id_boleto, precio, fecha, hora, tipo_de_pago, asiento, fk_id_cliente, fk_id_funcion) VALUES (176, 4000, '2024-09-01', '17:02', 'tarjeta de credito', 'G4', 17, 83);
INSERT INTO BOLETO (id_boleto, precio, fecha, hora, tipo_de_pago, asiento, fk_id_cliente, fk_id_funcion) VALUES (177, 4000, '2024-09-10', '12:06', 'transferencia bancaria', 'J4', 21, 25);
INSERT INTO BOLETO (id_boleto, precio, fecha, hora, tipo_de_pago, asiento, fk_id_cliente, fk_id_funcion) VALUES (178, 4000, '2024-09-16', '15:49', 'tarjeta de credito', 'I10', 48, 72);
INSERT INTO BOLETO (id_boleto, precio, fecha, hora, tipo_de_pago, asiento, fk_id_cliente, fk_id_funcion) VALUES (179, 4000, '2024-09-16', '10:29', 'efectivo', 'D8', 31, 76);
INSERT INTO BOLETO (id_boleto, precio, fecha, hora, tipo_de_pago, asiento, fk_id_cliente, fk_id_funcion) VALUES (180, 4000, '2024-08-30', '14:44', 'efectivo', 'F1', 24, 27);
INSERT INTO BOLETO (id_boleto, precio, fecha, hora, tipo_de_pago, asiento, fk_id_cliente, fk_id_funcion) VALUES (181, 4000, '2024-09-23', '15:33', 'transferencia bancaria', 'F11', 30, 30);
INSERT INTO BOLETO (id_boleto, precio, fecha, hora, tipo_de_pago, asiento, fk_id_cliente, fk_id_funcion) VALUES (182, 4000, '2024-09-18', '15:29', 'transferencia bancaria', 'H11', 18, 9);
INSERT INTO BOLETO (id_boleto, precio, fecha, hora, tipo_de_pago, asiento, fk_id_cliente, fk_id_funcion) VALUES (183, 4000, '2024-09-07', '17:36', 'tarjeta de credito', 'H1', 43, 45);
INSERT INTO BOLETO (id_boleto, precio, fecha, hora, tipo_de_pago, asiento, fk_id_cliente, fk_id_funcion) VALUES (184, 4000, '2024-09-06', '20:54', 'efectivo', 'A4', 50, 52);
INSERT INTO BOLETO (id_boleto, precio, fecha, hora, tipo_de_pago, asiento, fk_id_cliente, fk_id_funcion) VALUES (185, 4000, '2024-09-09', '8:01', 'tarjeta de debito', 'C3', 39, 46);
INSERT INTO BOLETO (id_boleto, precio, fecha, hora, tipo_de_pago, asiento, fk_id_cliente, fk_id_funcion) VALUES (186, 4000, '2024-09-01', '13:44', 'tarjeta de credito', 'B6', 38, 5);
INSERT INTO BOLETO (id_boleto, precio, fecha, hora, tipo_de_pago, asiento, fk_id_cliente, fk_id_funcion) VALUES (187, 4000, '2024-08-30', '19:09', 'tarjeta de debito', 'F10', 49, 55);
INSERT INTO BOLETO (id_boleto, precio, fecha, hora, tipo_de_pago, asiento, fk_id_cliente, fk_id_funcion) VALUES (188, 4000, '2024-09-08', '15:13', 'tarjeta de credito', 'J8', 29, 68);
INSERT INTO BOLETO (id_boleto, precio, fecha, hora, tipo_de_pago, asiento, fk_id_cliente, fk_id_funcion) VALUES (189, 4000, '2024-09-12', '13:32', 'transferencia bancaria', 'C2', 38, 78);
INSERT INTO BOLETO (id_boleto, precio, fecha, hora, tipo_de_pago, asiento, fk_id_cliente, fk_id_funcion) VALUES (190, 4000, '2024-08-31', '14:51', 'efectivo', 'I10', 7, 74);
INSERT INTO BOLETO (id_boleto, precio, fecha, hora, tipo_de_pago, asiento, fk_id_cliente, fk_id_funcion) VALUES (191, 4000, '2024-08-29', '10:08', 'tarjeta de debito', 'G1', 15, 15);
INSERT INTO BOLETO (id_boleto, precio, fecha, hora, tipo_de_pago, asiento, fk_id_cliente, fk_id_funcion) VALUES (192, 4000, '2024-09-10', '20:05', 'tarjeta de debito', 'C3', 26, 56);
INSERT INTO BOLETO (id_boleto, precio, fecha, hora, tipo_de_pago, asiento, fk_id_cliente, fk_id_funcion) VALUES (193, 4000, '2024-08-30', '18:09', 'tarjeta de credito', 'G2', 14, 61);
INSERT INTO BOLETO (id_boleto, precio, fecha, hora, tipo_de_pago, asiento, fk_id_cliente, fk_id_funcion) VALUES (194, 4000, '2024-09-20', '11:57', 'tarjeta de credito', 'I3', 45, 49);
INSERT INTO BOLETO (id_boleto, precio, fecha, hora, tipo_de_pago, asiento, fk_id_cliente, fk_id_funcion) VALUES (195, 4000, '2024-09-01', '11:37', 'tarjeta de credito', 'I9', 12, 50);
INSERT INTO BOLETO (id_boleto, precio, fecha, hora, tipo_de_pago, asiento, fk_id_cliente, fk_id_funcion) VALUES (196, 4000, '2024-09-01', '10:45', 'tarjeta de debito', 'E1', 22, 21);
INSERT INTO BOLETO (id_boleto, precio, fecha, hora, tipo_de_pago, asiento, fk_id_cliente, fk_id_funcion) VALUES (197, 4000, '2024-08-30', '10:05', 'efectivo', 'E6', 46, 77);
INSERT INTO BOLETO (id_boleto, precio, fecha, hora, tipo_de_pago, asiento, fk_id_cliente, fk_id_funcion) VALUES (198, 4000, '2024-09-21', '13:12', 'tarjeta de debito', 'D10', 32, 40);
INSERT INTO BOLETO (id_boleto, precio, fecha, hora, tipo_de_pago, asiento, fk_id_cliente, fk_id_funcion) VALUES (199, 4000, '2024-09-02', '11:11', 'tarjeta de credito', 'C10', 27, 59);
INSERT INTO BOLETO (id_boleto, precio, fecha, hora, tipo_de_pago, asiento, fk_id_cliente, fk_id_funcion) VALUES (200, 4000, '2024-09-22', '8:19', 'tarjeta de credito', 'J6', 28, 43);
INSERT INTO BOLETO (id_boleto, precio, fecha, hora, tipo_de_pago, asiento, fk_id_cliente, fk_id_funcion) VALUES (201, 4000, '2024-09-19', '9:08', 'efectivo', 'D2', 32, 25);
INSERT INTO BOLETO (id_boleto, precio, fecha, hora, tipo_de_pago, asiento, fk_id_cliente, fk_id_funcion) VALUES (202, 4000, '2024-09-10', '19:25', 'efectivo', 'I9', 11, 52);
INSERT INTO BOLETO (id_boleto, precio, fecha, hora, tipo_de_pago, asiento, fk_id_cliente, fk_id_funcion) VALUES (203, 4000, '2024-09-11', '15:11', 'tarjeta de debito', 'G6', 10, 22);
INSERT INTO BOLETO (id_boleto, precio, fecha, hora, tipo_de_pago, asiento, fk_id_cliente, fk_id_funcion) VALUES (204, 4000, '2024-09-22', '10:50', 'tarjeta de credito', 'E8', 30, 78);
INSERT INTO BOLETO (id_boleto, precio, fecha, hora, tipo_de_pago, asiento, fk_id_cliente, fk_id_funcion) VALUES (205, 4000, '2024-09-04', '12:19', 'tarjeta de debito', 'J12', 32, 35);
INSERT INTO BOLETO (id_boleto, precio, fecha, hora, tipo_de_pago, asiento, fk_id_cliente, fk_id_funcion) VALUES (206, 4000, '2024-09-16', '11:59', 'tarjeta de debito', 'I2', 8, 84);
INSERT INTO BOLETO (id_boleto, precio, fecha, hora, tipo_de_pago, asiento, fk_id_cliente, fk_id_funcion) VALUES (207, 4000, '2024-09-21', '16:43', 'efectivo', 'G5', 20, 42);
INSERT INTO BOLETO (id_boleto, precio, fecha, hora, tipo_de_pago, asiento, fk_id_cliente, fk_id_funcion) VALUES (208, 4000, '2024-09-03', '11:00', 'tarjeta de debito', 'F7', 28, 62);
INSERT INTO BOLETO (id_boleto, precio, fecha, hora, tipo_de_pago, asiento, fk_id_cliente, fk_id_funcion) VALUES (209, 4000, '2024-08-30', '17:40', 'efectivo', 'F10', 32, 38);
INSERT INTO BOLETO (id_boleto, precio, fecha, hora, tipo_de_pago, asiento, fk_id_cliente, fk_id_funcion) VALUES (210, 4000, '2024-09-11', '11:19', 'tarjeta de debito', 'B3', 3, 45);
INSERT INTO BOLETO (id_boleto, precio, fecha, hora, tipo_de_pago, asiento, fk_id_cliente, fk_id_funcion) VALUES (211, 4000, '2024-09-07', '15:24', 'tarjeta de credito', 'D10', 14, 32);
INSERT INTO BOLETO (id_boleto, precio, fecha, hora, tipo_de_pago, asiento, fk_id_cliente, fk_id_funcion) VALUES (212, 4000, '2024-09-21', '17:04', 'tarjeta de credito', 'H7', 29, 69);
INSERT INTO BOLETO (id_boleto, precio, fecha, hora, tipo_de_pago, asiento, fk_id_cliente, fk_id_funcion) VALUES (213, 4000, '2024-09-18', '8:51', 'tarjeta de credito', 'J5', 38, 43);
INSERT INTO BOLETO (id_boleto, precio, fecha, hora, tipo_de_pago, asiento, fk_id_cliente, fk_id_funcion) VALUES (214, 4000, '2024-09-13', '10:25', 'tarjeta de credito', 'I9', 35, 19);
INSERT INTO BOLETO (id_boleto, precio, fecha, hora, tipo_de_pago, asiento, fk_id_cliente, fk_id_funcion) VALUES (215, 4000, '2024-09-11', '20:37', 'efectivo', 'D2', 5, 8);
INSERT INTO BOLETO (id_boleto, precio, fecha, hora, tipo_de_pago, asiento, fk_id_cliente, fk_id_funcion) VALUES (216, 4000, '2024-09-01', '8:25', 'tarjeta de credito', 'F2', 46, 14);
INSERT INTO BOLETO (id_boleto, precio, fecha, hora, tipo_de_pago, asiento, fk_id_cliente, fk_id_funcion) VALUES (217, 4000, '2024-09-21', '19:16', 'transferencia bancaria', 'B7', 26, 70);
INSERT INTO BOLETO (id_boleto, precio, fecha, hora, tipo_de_pago, asiento, fk_id_cliente, fk_id_funcion) VALUES (218, 4000, '2024-09-09', '17:29', 'transferencia bancaria', 'B3', 31, 38);
INSERT INTO BOLETO (id_boleto, precio, fecha, hora, tipo_de_pago, asiento, fk_id_cliente, fk_id_funcion) VALUES (219, 4000, '2024-09-13', '19:04', 'tarjeta de credito', 'E7', 15, 53);
INSERT INTO BOLETO (id_boleto, precio, fecha, hora, tipo_de_pago, asiento, fk_id_cliente, fk_id_funcion) VALUES (220, 4000, '2024-09-16', '16:15', 'tarjeta de credito', 'D3', 8, 36);
INSERT INTO BOLETO (id_boleto, precio, fecha, hora, tipo_de_pago, asiento, fk_id_cliente, fk_id_funcion) VALUES (221, 4000, '2024-09-18', '17:35', 'tarjeta de debito', 'E14', 8, 6);
INSERT INTO BOLETO (id_boleto, precio, fecha, hora, tipo_de_pago, asiento, fk_id_cliente, fk_id_funcion) VALUES (222, 4000, '2024-09-09', '10:34', 'tarjeta de debito', 'G5', 31, 40);
INSERT INTO BOLETO (id_boleto, precio, fecha, hora, tipo_de_pago, asiento, fk_id_cliente, fk_id_funcion) VALUES (223, 4000, '2024-09-21', '12:29', 'tarjeta de credito', 'I12', 39, 21);
INSERT INTO BOLETO (id_boleto, precio, fecha, hora, tipo_de_pago, asiento, fk_id_cliente, fk_id_funcion) VALUES (224, 4000, '2024-09-02', '12:59', 'transferencia bancaria', 'E3', 1, 55);
INSERT INTO BOLETO (id_boleto, precio, fecha, hora, tipo_de_pago, asiento, fk_id_cliente, fk_id_funcion) VALUES (225, 4000, '2024-09-05', '10:33', 'efectivo', 'F13', 28, 67);
INSERT INTO BOLETO (id_boleto, precio, fecha, hora, tipo_de_pago, asiento, fk_id_cliente, fk_id_funcion) VALUES (226, 4000, '2024-09-21', '11:04', 'tarjeta de credito', 'H8', 38, 16);
INSERT INTO BOLETO (id_boleto, precio, fecha, hora, tipo_de_pago, asiento, fk_id_cliente, fk_id_funcion) VALUES (227, 4000, '2024-09-06', '13:10', 'transferencia bancaria', 'D13', 23, 84);
INSERT INTO BOLETO (id_boleto, precio, fecha, hora, tipo_de_pago, asiento, fk_id_cliente, fk_id_funcion) VALUES (228, 4000, '2024-09-11', '19:54', 'transferencia bancaria', 'E7', 19, 14);
INSERT INTO BOLETO (id_boleto, precio, fecha, hora, tipo_de_pago, asiento, fk_id_cliente, fk_id_funcion) VALUES (229, 4000, '2024-09-16', '11:34', 'transferencia bancaria', 'A2', 50, 54);
INSERT INTO BOLETO (id_boleto, precio, fecha, hora, tipo_de_pago, asiento, fk_id_cliente, fk_id_funcion) VALUES (230, 4000, '2024-09-18', '12:01', 'transferencia bancaria', 'F6', 43, 16);
INSERT INTO BOLETO (id_boleto, precio, fecha, hora, tipo_de_pago, asiento, fk_id_cliente, fk_id_funcion) VALUES (231, 4000, '2024-09-09', '10:43', 'transferencia bancaria', 'H8', 27, 43);
INSERT INTO BOLETO (id_boleto, precio, fecha, hora, tipo_de_pago, asiento, fk_id_cliente, fk_id_funcion) VALUES (232, 4000, '2024-09-04', '12:45', 'efectivo', 'B8', 41, 82);
INSERT INTO BOLETO (id_boleto, precio, fecha, hora, tipo_de_pago, asiento, fk_id_cliente, fk_id_funcion) VALUES (233, 4000, '2024-09-06', '11:36', 'tarjeta de debito', 'H5', 7, 20);
INSERT INTO BOLETO (id_boleto, precio, fecha, hora, tipo_de_pago, asiento, fk_id_cliente, fk_id_funcion) VALUES (234, 4000, '2024-09-13', '11:10', 'tarjeta de debito', 'A6', 8, 13);
INSERT INTO BOLETO (id_boleto, precio, fecha, hora, tipo_de_pago, asiento, fk_id_cliente, fk_id_funcion) VALUES (235, 4000, '2024-09-03', '14:39', 'tarjeta de credito', 'I12', 30, 13);
INSERT INTO BOLETO (id_boleto, precio, fecha, hora, tipo_de_pago, asiento, fk_id_cliente, fk_id_funcion) VALUES (236, 4000, '2024-09-24', '8:41', 'tarjeta de credito', 'A9', 39, 4);
INSERT INTO BOLETO (id_boleto, precio, fecha, hora, tipo_de_pago, asiento, fk_id_cliente, fk_id_funcion) VALUES (237, 4000, '2024-09-12', '18:39', 'transferencia bancaria', 'G10', 30, 30);
INSERT INTO BOLETO (id_boleto, precio, fecha, hora, tipo_de_pago, asiento, fk_id_cliente, fk_id_funcion) VALUES (238, 4000, '2024-09-04', '14:33', 'tarjeta de debito', 'B13', 46, 21);
INSERT INTO BOLETO (id_boleto, precio, fecha, hora, tipo_de_pago, asiento, fk_id_cliente, fk_id_funcion) VALUES (239, 4000, '2024-09-22', '12:17', 'efectivo', 'J10', 29, 48);
INSERT INTO BOLETO (id_boleto, precio, fecha, hora, tipo_de_pago, asiento, fk_id_cliente, fk_id_funcion) VALUES (240, 4000, '2024-09-11', '8:56', 'efectivo', 'H11', 1, 83);
INSERT INTO BOLETO (id_boleto, precio, fecha, hora, tipo_de_pago, asiento, fk_id_cliente, fk_id_funcion) VALUES (241, 4000, '2024-09-22', '11:12', 'transferencia bancaria', 'G13', 40, 47);
INSERT INTO BOLETO (id_boleto, precio, fecha, hora, tipo_de_pago, asiento, fk_id_cliente, fk_id_funcion) VALUES (242, 4000, '2024-09-22', '8:22', 'tarjeta de credito', 'G13', 11, 11);
INSERT INTO BOLETO (id_boleto, precio, fecha, hora, tipo_de_pago, asiento, fk_id_cliente, fk_id_funcion) VALUES (243, 4000, '2024-08-31', '17:53', 'transferencia bancaria', 'J4', 32, 49);
INSERT INTO BOLETO (id_boleto, precio, fecha, hora, tipo_de_pago, asiento, fk_id_cliente, fk_id_funcion) VALUES (244, 4000, '2024-09-14', '10:34', 'tarjeta de debito', 'G9', 21, 13);
INSERT INTO BOLETO (id_boleto, precio, fecha, hora, tipo_de_pago, asiento, fk_id_cliente, fk_id_funcion) VALUES (245, 4000, '2024-09-02', '12:10', 'efectivo', 'C3', 13, 62);
INSERT INTO BOLETO (id_boleto, precio, fecha, hora, tipo_de_pago, asiento, fk_id_cliente, fk_id_funcion) VALUES (246, 4000, '2024-09-13', '11:46', 'tarjeta de debito', 'B8', 24, 61);
INSERT INTO BOLETO (id_boleto, precio, fecha, hora, tipo_de_pago, asiento, fk_id_cliente, fk_id_funcion) VALUES (247, 4000, '2024-09-02', '14:28', 'tarjeta de credito', 'D13', 37, 68);
INSERT INTO BOLETO (id_boleto, precio, fecha, hora, tipo_de_pago, asiento, fk_id_cliente, fk_id_funcion) VALUES (248, 4000, '2024-09-14', '19:41', 'tarjeta de debito', 'A1', 4, 41);
INSERT INTO BOLETO (id_boleto, precio, fecha, hora, tipo_de_pago, asiento, fk_id_cliente, fk_id_funcion) VALUES (249, 4000, '2024-09-01', '12:38', 'transferencia bancaria', 'I3', 48, 22);
INSERT INTO BOLETO (id_boleto, precio, fecha, hora, tipo_de_pago, asiento, fk_id_cliente, fk_id_funcion) VALUES (250, 4000, '2024-09-07', '15:06', 'tarjeta de credito', 'H6', 17, 32);
INSERT INTO BOLETO (id_boleto, precio, fecha, hora, tipo_de_pago, asiento, fk_id_cliente, fk_id_funcion) VALUES (251, 4000, '2024-09-05', '20:56', 'tarjeta de debito', 'B12', 11, 68);
INSERT INTO BOLETO (id_boleto, precio, fecha, hora, tipo_de_pago, asiento, fk_id_cliente, fk_id_funcion) VALUES (252, 4000, '2024-09-08', '8:21', 'efectivo', 'G6', 5, 21);
INSERT INTO BOLETO (id_boleto, precio, fecha, hora, tipo_de_pago, asiento, fk_id_cliente, fk_id_funcion) VALUES (253, 4000, '2024-08-31', '16:50', 'tarjeta de debito', 'J9', 26, 12);
INSERT INTO BOLETO (id_boleto, precio, fecha, hora, tipo_de_pago, asiento, fk_id_cliente, fk_id_funcion) VALUES (254, 4000, '2024-09-05', '18:09', 'transferencia bancaria', 'C10', 48, 14);
INSERT INTO BOLETO (id_boleto, precio, fecha, hora, tipo_de_pago, asiento, fk_id_cliente, fk_id_funcion) VALUES (255, 4000, '2024-09-08', '19:21', 'tarjeta de credito', 'A10', 44, 46);
INSERT INTO BOLETO (id_boleto, precio, fecha, hora, tipo_de_pago, asiento, fk_id_cliente, fk_id_funcion) VALUES (256, 4000, '2024-09-04', '20:47', 'tarjeta de credito', 'C10', 10, 24);
INSERT INTO BOLETO (id_boleto, precio, fecha, hora, tipo_de_pago, asiento, fk_id_cliente, fk_id_funcion) VALUES (257, 4000, '2024-09-03', '17:22', 'transferencia bancaria', 'J12', 34, 12);
INSERT INTO BOLETO (id_boleto, precio, fecha, hora, tipo_de_pago, asiento, fk_id_cliente, fk_id_funcion) VALUES (258, 4000, '2024-09-19', '14:19', 'tarjeta de debito', 'A5', 2, 21);
INSERT INTO BOLETO (id_boleto, precio, fecha, hora, tipo_de_pago, asiento, fk_id_cliente, fk_id_funcion) VALUES (259, 4000, '2024-09-18', '19:59', 'efectivo', 'C3', 41, 53);
INSERT INTO BOLETO (id_boleto, precio, fecha, hora, tipo_de_pago, asiento, fk_id_cliente, fk_id_funcion) VALUES (260, 4000, '2024-09-19', '18:52', 'transferencia bancaria', 'I8', 24, 70);
INSERT INTO BOLETO (id_boleto, precio, fecha, hora, tipo_de_pago, asiento, fk_id_cliente, fk_id_funcion) VALUES (261, 4000, '2024-09-04', '20:46', 'transferencia bancaria', 'I4', 1, 68);
INSERT INTO BOLETO (id_boleto, precio, fecha, hora, tipo_de_pago, asiento, fk_id_cliente, fk_id_funcion) VALUES (262, 4000, '2024-09-18', '18:41', 'tarjeta de debito', 'F12', 44, 58);
INSERT INTO BOLETO (id_boleto, precio, fecha, hora, tipo_de_pago, asiento, fk_id_cliente, fk_id_funcion) VALUES (263, 4000, '2024-09-19', '11:39', 'efectivo', 'I9', 39, 37);
INSERT INTO BOLETO (id_boleto, precio, fecha, hora, tipo_de_pago, asiento, fk_id_cliente, fk_id_funcion) VALUES (264, 4000, '2024-09-11', '13:11', 'tarjeta de debito', 'A1', 45, 37);
INSERT INTO BOLETO (id_boleto, precio, fecha, hora, tipo_de_pago, asiento, fk_id_cliente, fk_id_funcion) VALUES (265, 4000, '2024-09-14', '20:27', 'efectivo', 'G5', 39, 76);
INSERT INTO BOLETO (id_boleto, precio, fecha, hora, tipo_de_pago, asiento, fk_id_cliente, fk_id_funcion) VALUES (266, 4000, '2024-09-13', '12:53', 'efectivo', 'E12', 37, 22);
INSERT INTO BOLETO (id_boleto, precio, fecha, hora, tipo_de_pago, asiento, fk_id_cliente, fk_id_funcion) VALUES (267, 4000, '2024-08-31', '16:21', 'tarjeta de debito', 'B4', 33, 61);
INSERT INTO BOLETO (id_boleto, precio, fecha, hora, tipo_de_pago, asiento, fk_id_cliente, fk_id_funcion) VALUES (268, 4000, '2024-09-19', '12:41', 'transferencia bancaria', 'I5', 27, 62);
INSERT INTO BOLETO (id_boleto, precio, fecha, hora, tipo_de_pago, asiento, fk_id_cliente, fk_id_funcion) VALUES (269, 4000, '2024-08-29', '15:43', 'tarjeta de debito', 'I14', 47, 14);
INSERT INTO BOLETO (id_boleto, precio, fecha, hora, tipo_de_pago, asiento, fk_id_cliente, fk_id_funcion) VALUES (270, 4000, '2024-09-01', '13:35', 'efectivo', 'J14', 27, 20);
INSERT INTO BOLETO (id_boleto, precio, fecha, hora, tipo_de_pago, asiento, fk_id_cliente, fk_id_funcion) VALUES (271, 4000, '2024-09-01', '13:25', 'tarjeta de debito', 'G10', 34, 63);
INSERT INTO BOLETO (id_boleto, precio, fecha, hora, tipo_de_pago, asiento, fk_id_cliente, fk_id_funcion) VALUES (272, 4000, '2024-09-08', '16:35', 'transferencia bancaria', 'C10', 49, 64);
INSERT INTO BOLETO (id_boleto, precio, fecha, hora, tipo_de_pago, asiento, fk_id_cliente, fk_id_funcion) VALUES (273, 4000, '2024-09-05', '16:09', 'tarjeta de debito', 'H14', 37, 72);
INSERT INTO BOLETO (id_boleto, precio, fecha, hora, tipo_de_pago, asiento, fk_id_cliente, fk_id_funcion) VALUES (274, 4000, '2024-09-18', '10:53', 'tarjeta de debito', 'C11', 45, 22);
INSERT INTO BOLETO (id_boleto, precio, fecha, hora, tipo_de_pago, asiento, fk_id_cliente, fk_id_funcion) VALUES (275, 4000, '2024-09-22', '8:53', 'transferencia bancaria', 'H9', 29, 15);
INSERT INTO BOLETO (id_boleto, precio, fecha, hora, tipo_de_pago, asiento, fk_id_cliente, fk_id_funcion) VALUES (276, 4000, '2024-09-20', '16:09', 'efectivo', 'F2', 39, 8);
INSERT INTO BOLETO (id_boleto, precio, fecha, hora, tipo_de_pago, asiento, fk_id_cliente, fk_id_funcion) VALUES (277, 4000, '2024-08-31', '8:18', 'tarjeta de debito', 'J13', 18, 26);
INSERT INTO BOLETO (id_boleto, precio, fecha, hora, tipo_de_pago, asiento, fk_id_cliente, fk_id_funcion) VALUES (278, 4000, '2024-09-04', '12:59', 'efectivo', 'I9', 1, 38);
INSERT INTO BOLETO (id_boleto, precio, fecha, hora, tipo_de_pago, asiento, fk_id_cliente, fk_id_funcion) VALUES (279, 4000, '2024-09-04', '9:39', 'tarjeta de credito', 'A1', 50, 38);
INSERT INTO BOLETO (id_boleto, precio, fecha, hora, tipo_de_pago, asiento, fk_id_cliente, fk_id_funcion) VALUES (280, 4000, '2024-09-04', '15:41', 'tarjeta de debito', 'C10', 11, 30);
INSERT INTO BOLETO (id_boleto, precio, fecha, hora, tipo_de_pago, asiento, fk_id_cliente, fk_id_funcion) VALUES (281, 4000, '2024-09-14', '16:35', 'efectivo', 'C1', 13, 17);
INSERT INTO BOLETO (id_boleto, precio, fecha, hora, tipo_de_pago, asiento, fk_id_cliente, fk_id_funcion) VALUES (282, 4000, '2024-09-24', '15:48', 'transferencia bancaria', 'G13', 40, 67);
INSERT INTO BOLETO (id_boleto, precio, fecha, hora, tipo_de_pago, asiento, fk_id_cliente, fk_id_funcion) VALUES (283, 4000, '2024-09-19', '13:24', 'transferencia bancaria', 'F13', 1, 73);
INSERT INTO BOLETO (id_boleto, precio, fecha, hora, tipo_de_pago, asiento, fk_id_cliente, fk_id_funcion) VALUES (284, 4000, '2024-09-05', '9:49', 'transferencia bancaria', 'D5', 21, 21);
INSERT INTO BOLETO (id_boleto, precio, fecha, hora, tipo_de_pago, asiento, fk_id_cliente, fk_id_funcion) VALUES (285, 4000, '2024-09-16', '16:42', 'tarjeta de debito', 'A14', 41, 53);
INSERT INTO BOLETO (id_boleto, precio, fecha, hora, tipo_de_pago, asiento, fk_id_cliente, fk_id_funcion) VALUES (286, 4000, '2024-09-06', '9:11', 'tarjeta de debito', 'E1', 48, 34);
INSERT INTO BOLETO (id_boleto, precio, fecha, hora, tipo_de_pago, asiento, fk_id_cliente, fk_id_funcion) VALUES (287, 4000, '2024-09-19', '19:39', 'efectivo', 'E14', 20, 50);
INSERT INTO BOLETO (id_boleto, precio, fecha, hora, tipo_de_pago, asiento, fk_id_cliente, fk_id_funcion) VALUES (288, 4000, '2024-09-08', '14:46', 'transferencia bancaria', 'A6', 4, 55);
INSERT INTO BOLETO (id_boleto, precio, fecha, hora, tipo_de_pago, asiento, fk_id_cliente, fk_id_funcion) VALUES (289, 4000, '2024-09-18', '17:34', 'transferencia bancaria', 'I2', 42, 80);
INSERT INTO BOLETO (id_boleto, precio, fecha, hora, tipo_de_pago, asiento, fk_id_cliente, fk_id_funcion) VALUES (290, 4000, '2024-09-02', '10:21', 'transferencia bancaria', 'C7', 28, 55);
INSERT INTO BOLETO (id_boleto, precio, fecha, hora, tipo_de_pago, asiento, fk_id_cliente, fk_id_funcion) VALUES (291, 4000, '2024-09-22', '16:33', 'tarjeta de credito', 'C9', 19, 3);
INSERT INTO BOLETO (id_boleto, precio, fecha, hora, tipo_de_pago, asiento, fk_id_cliente, fk_id_funcion) VALUES (292, 4000, '2024-09-16', '10:41', 'tarjeta de debito', 'C13', 8, 32);
INSERT INTO BOLETO (id_boleto, precio, fecha, hora, tipo_de_pago, asiento, fk_id_cliente, fk_id_funcion) VALUES (293, 4000, '2024-09-04', '18:30', 'tarjeta de credito', 'H8', 41, 63);
INSERT INTO BOLETO (id_boleto, precio, fecha, hora, tipo_de_pago, asiento, fk_id_cliente, fk_id_funcion) VALUES (294, 4000, '2024-09-11', '18:39', 'efectivo', 'G2', 49, 75);
INSERT INTO BOLETO (id_boleto, precio, fecha, hora, tipo_de_pago, asiento, fk_id_cliente, fk_id_funcion) VALUES (295, 4000, '2024-09-06', '13:28', 'efectivo', 'C6', 45, 2);
INSERT INTO BOLETO (id_boleto, precio, fecha, hora, tipo_de_pago, asiento, fk_id_cliente, fk_id_funcion) VALUES (296, 4000, '2024-09-18', '9:44', 'transferencia bancaria', 'J1', 22, 52);
INSERT INTO BOLETO (id_boleto, precio, fecha, hora, tipo_de_pago, asiento, fk_id_cliente, fk_id_funcion) VALUES (297, 4000, '2024-09-01', '14:37', 'efectivo', 'B8', 18, 7);
INSERT INTO BOLETO (id_boleto, precio, fecha, hora, tipo_de_pago, asiento, fk_id_cliente, fk_id_funcion) VALUES (298, 4000, '2024-09-13', '9:51', 'transferencia bancaria', 'F11', 29, 68);
INSERT INTO BOLETO (id_boleto, precio, fecha, hora, tipo_de_pago, asiento, fk_id_cliente, fk_id_funcion) VALUES (299, 4000, '2024-09-15', '14:43', 'efectivo', 'E12', 18, 44);
INSERT INTO BOLETO (id_boleto, precio, fecha, hora, tipo_de_pago, asiento, fk_id_cliente, fk_id_funcion) VALUES (300, 4000, '2024-09-07', '19:28', 'efectivo', 'B11', 45, 59);




-- INSERT CARTELERAS-FUNCIONES
INSERT INTO CARTELERA_FUNCION (id_cartelera_pelicula, fk_id_cartelera, fk_id_funcion) VALUES (1, 1, 1);
INSERT INTO CARTELERA_FUNCION (id_cartelera_pelicula, fk_id_cartelera, fk_id_funcion) VALUES (2, 1, 2);
INSERT INTO CARTELERA_FUNCION (id_cartelera_pelicula, fk_id_cartelera, fk_id_funcion) VALUES (3, 1, 3);
INSERT INTO CARTELERA_FUNCION (id_cartelera_pelicula, fk_id_cartelera, fk_id_funcion) VALUES (4, 1, 4);
INSERT INTO CARTELERA_FUNCION (id_cartelera_pelicula, fk_id_cartelera, fk_id_funcion) VALUES (5, 1, 5);
INSERT INTO CARTELERA_FUNCION (id_cartelera_pelicula, fk_id_cartelera, fk_id_funcion) VALUES (6, 1, 6);
INSERT INTO CARTELERA_FUNCION (id_cartelera_pelicula, fk_id_cartelera, fk_id_funcion) VALUES (7, 1, 7);
INSERT INTO CARTELERA_FUNCION (id_cartelera_pelicula, fk_id_cartelera, fk_id_funcion) VALUES (8, 1, 8);
INSERT INTO CARTELERA_FUNCION (id_cartelera_pelicula, fk_id_cartelera, fk_id_funcion) VALUES (9, 1, 9);
INSERT INTO CARTELERA_FUNCION (id_cartelera_pelicula, fk_id_cartelera, fk_id_funcion) VALUES (10, 1, 10);
INSERT INTO CARTELERA_FUNCION (id_cartelera_pelicula, fk_id_cartelera, fk_id_funcion) VALUES (11, 1, 11);
INSERT INTO CARTELERA_FUNCION (id_cartelera_pelicula, fk_id_cartelera, fk_id_funcion) VALUES (12, 1, 12);
INSERT INTO CARTELERA_FUNCION (id_cartelera_pelicula, fk_id_cartelera, fk_id_funcion) VALUES (13, 1, 13);
INSERT INTO CARTELERA_FUNCION (id_cartelera_pelicula, fk_id_cartelera, fk_id_funcion) VALUES (14, 1, 14);
INSERT INTO CARTELERA_FUNCION (id_cartelera_pelicula, fk_id_cartelera, fk_id_funcion) VALUES (15, 1, 15);
INSERT INTO CARTELERA_FUNCION (id_cartelera_pelicula, fk_id_cartelera, fk_id_funcion) VALUES (16, 1, 16);
INSERT INTO CARTELERA_FUNCION (id_cartelera_pelicula, fk_id_cartelera, fk_id_funcion) VALUES (17, 1, 17);
INSERT INTO CARTELERA_FUNCION (id_cartelera_pelicula, fk_id_cartelera, fk_id_funcion) VALUES (18, 1, 18);
INSERT INTO CARTELERA_FUNCION (id_cartelera_pelicula, fk_id_cartelera, fk_id_funcion) VALUES (19, 1, 19);
INSERT INTO CARTELERA_FUNCION (id_cartelera_pelicula, fk_id_cartelera, fk_id_funcion) VALUES (20, 1, 20);
INSERT INTO CARTELERA_FUNCION (id_cartelera_pelicula, fk_id_cartelera, fk_id_funcion) VALUES (21, 1, 21);
INSERT INTO CARTELERA_FUNCION (id_cartelera_pelicula, fk_id_cartelera, fk_id_funcion) VALUES (22, 2, 22);
INSERT INTO CARTELERA_FUNCION (id_cartelera_pelicula, fk_id_cartelera, fk_id_funcion) VALUES (23, 2, 23);
INSERT INTO CARTELERA_FUNCION (id_cartelera_pelicula, fk_id_cartelera, fk_id_funcion) VALUES (24, 2, 24);
INSERT INTO CARTELERA_FUNCION (id_cartelera_pelicula, fk_id_cartelera, fk_id_funcion) VALUES (25, 2, 25);
INSERT INTO CARTELERA_FUNCION (id_cartelera_pelicula, fk_id_cartelera, fk_id_funcion) VALUES (26, 2, 26);
INSERT INTO CARTELERA_FUNCION (id_cartelera_pelicula, fk_id_cartelera, fk_id_funcion) VALUES (27, 2, 27);
INSERT INTO CARTELERA_FUNCION (id_cartelera_pelicula, fk_id_cartelera, fk_id_funcion) VALUES (28, 2, 28);
INSERT INTO CARTELERA_FUNCION (id_cartelera_pelicula, fk_id_cartelera, fk_id_funcion) VALUES (29, 2, 29);
INSERT INTO CARTELERA_FUNCION (id_cartelera_pelicula, fk_id_cartelera, fk_id_funcion) VALUES (30, 2, 30);
INSERT INTO CARTELERA_FUNCION (id_cartelera_pelicula, fk_id_cartelera, fk_id_funcion) VALUES (31, 2, 31);
INSERT INTO CARTELERA_FUNCION (id_cartelera_pelicula, fk_id_cartelera, fk_id_funcion) VALUES (32, 2, 32);
INSERT INTO CARTELERA_FUNCION (id_cartelera_pelicula, fk_id_cartelera, fk_id_funcion) VALUES (33, 2, 33);
INSERT INTO CARTELERA_FUNCION (id_cartelera_pelicula, fk_id_cartelera, fk_id_funcion) VALUES (34, 2, 34);
INSERT INTO CARTELERA_FUNCION (id_cartelera_pelicula, fk_id_cartelera, fk_id_funcion) VALUES (35, 2, 35); 
INSERT INTO CARTELERA_FUNCION (id_cartelera_pelicula, fk_id_cartelera, fk_id_funcion) VALUES (36, 2, 36);
INSERT INTO CARTELERA_FUNCION (id_cartelera_pelicula, fk_id_cartelera, fk_id_funcion) VALUES (37, 2, 37);
INSERT INTO CARTELERA_FUNCION (id_cartelera_pelicula, fk_id_cartelera, fk_id_funcion) VALUES (38, 2, 38);
INSERT INTO CARTELERA_FUNCION (id_cartelera_pelicula, fk_id_cartelera, fk_id_funcion) VALUES (39, 2, 39);
INSERT INTO CARTELERA_FUNCION (id_cartelera_pelicula, fk_id_cartelera, fk_id_funcion) VALUES (40, 2, 40);
INSERT INTO CARTELERA_FUNCION (id_cartelera_pelicula, fk_id_cartelera, fk_id_funcion) VALUES (41, 2, 41);
INSERT INTO CARTELERA_FUNCION (id_cartelera_pelicula, fk_id_cartelera, fk_id_funcion) VALUES (42, 2, 42);
INSERT INTO CARTELERA_FUNCION (id_cartelera_pelicula, fk_id_cartelera, fk_id_funcion) VALUES (43, 3, 43);
INSERT INTO CARTELERA_FUNCION (id_cartelera_pelicula, fk_id_cartelera, fk_id_funcion) VALUES (44, 3, 44);
INSERT INTO CARTELERA_FUNCION (id_cartelera_pelicula, fk_id_cartelera, fk_id_funcion) VALUES (45, 3, 45);
INSERT INTO CARTELERA_FUNCION (id_cartelera_pelicula, fk_id_cartelera, fk_id_funcion) VALUES (46, 3, 46);
INSERT INTO CARTELERA_FUNCION (id_cartelera_pelicula, fk_id_cartelera, fk_id_funcion) VALUES (47, 3, 47);
INSERT INTO CARTELERA_FUNCION (id_cartelera_pelicula, fk_id_cartelera, fk_id_funcion) VALUES (48, 3, 48);
INSERT INTO CARTELERA_FUNCION (id_cartelera_pelicula, fk_id_cartelera, fk_id_funcion) VALUES (49, 3, 49);
INSERT INTO CARTELERA_FUNCION (id_cartelera_pelicula, fk_id_cartelera, fk_id_funcion) VALUES (50, 3, 50);
INSERT INTO CARTELERA_FUNCION (id_cartelera_pelicula, fk_id_cartelera, fk_id_funcion) VALUES (51, 3, 51);
INSERT INTO CARTELERA_FUNCION (id_cartelera_pelicula, fk_id_cartelera, fk_id_funcion) VALUES (52, 3, 52);
INSERT INTO CARTELERA_FUNCION (id_cartelera_pelicula, fk_id_cartelera, fk_id_funcion) VALUES (53, 3, 53);
INSERT INTO CARTELERA_FUNCION (id_cartelera_pelicula, fk_id_cartelera, fk_id_funcion) VALUES (54, 3, 54);
INSERT INTO CARTELERA_FUNCION (id_cartelera_pelicula, fk_id_cartelera, fk_id_funcion) VALUES (55, 3, 55);
INSERT INTO CARTELERA_FUNCION (id_cartelera_pelicula, fk_id_cartelera, fk_id_funcion) VALUES (56, 3, 56);
INSERT INTO CARTELERA_FUNCION (id_cartelera_pelicula, fk_id_cartelera, fk_id_funcion) VALUES (57, 3, 57);
INSERT INTO CARTELERA_FUNCION (id_cartelera_pelicula, fk_id_cartelera, fk_id_funcion) VALUES (58, 3, 58);
INSERT INTO CARTELERA_FUNCION (id_cartelera_pelicula, fk_id_cartelera, fk_id_funcion) VALUES (59, 3, 59);
INSERT INTO CARTELERA_FUNCION (id_cartelera_pelicula, fk_id_cartelera, fk_id_funcion) VALUES (60, 3, 60);
INSERT INTO CARTELERA_FUNCION (id_cartelera_pelicula, fk_id_cartelera, fk_id_funcion) VALUES (61, 3, 61);
INSERT INTO CARTELERA_FUNCION (id_cartelera_pelicula, fk_id_cartelera, fk_id_funcion) VALUES (62, 3, 62);
INSERT INTO CARTELERA_FUNCION (id_cartelera_pelicula, fk_id_cartelera, fk_id_funcion) VALUES (63, 3, 63);
INSERT INTO CARTELERA_FUNCION (id_cartelera_pelicula, fk_id_cartelera, fk_id_funcion) VALUES (64, 4, 64);
INSERT INTO CARTELERA_FUNCION (id_cartelera_pelicula, fk_id_cartelera, fk_id_funcion) VALUES (65, 4, 65);
INSERT INTO CARTELERA_FUNCION (id_cartelera_pelicula, fk_id_cartelera, fk_id_funcion) VALUES (66, 4, 66);
INSERT INTO CARTELERA_FUNCION (id_cartelera_pelicula, fk_id_cartelera, fk_id_funcion) VALUES (67, 4, 67);
INSERT INTO CARTELERA_FUNCION (id_cartelera_pelicula, fk_id_cartelera, fk_id_funcion) VALUES (68, 4, 68);
INSERT INTO CARTELERA_FUNCION (id_cartelera_pelicula, fk_id_cartelera, fk_id_funcion) VALUES (69, 4, 69);
INSERT INTO CARTELERA_FUNCION (id_cartelera_pelicula, fk_id_cartelera, fk_id_funcion) VALUES (70, 4, 70);
INSERT INTO CARTELERA_FUNCION (id_cartelera_pelicula, fk_id_cartelera, fk_id_funcion) VALUES (71, 4, 71);
INSERT INTO CARTELERA_FUNCION (id_cartelera_pelicula, fk_id_cartelera, fk_id_funcion) VALUES (72, 4, 72);
INSERT INTO CARTELERA_FUNCION (id_cartelera_pelicula, fk_id_cartelera, fk_id_funcion) VALUES (73, 4, 73);
INSERT INTO CARTELERA_FUNCION (id_cartelera_pelicula, fk_id_cartelera, fk_id_funcion) VALUES (74, 4, 74);
INSERT INTO CARTELERA_FUNCION (id_cartelera_pelicula, fk_id_cartelera, fk_id_funcion) VALUES (75, 4, 75);
INSERT INTO CARTELERA_FUNCION (id_cartelera_pelicula, fk_id_cartelera, fk_id_funcion) VALUES (76, 4, 76);
INSERT INTO CARTELERA_FUNCION (id_cartelera_pelicula, fk_id_cartelera, fk_id_funcion) VALUES (77, 4, 77);
INSERT INTO CARTELERA_FUNCION (id_cartelera_pelicula, fk_id_cartelera, fk_id_funcion) VALUES (78, 4, 78);
INSERT INTO CARTELERA_FUNCION (id_cartelera_pelicula, fk_id_cartelera, fk_id_funcion) VALUES (79, 4, 79);
INSERT INTO CARTELERA_FUNCION (id_cartelera_pelicula, fk_id_cartelera, fk_id_funcion) VALUES (80, 4, 80);
INSERT INTO CARTELERA_FUNCION (id_cartelera_pelicula, fk_id_cartelera, fk_id_funcion) VALUES (81, 4, 81);
INSERT INTO CARTELERA_FUNCION (id_cartelera_pelicula, fk_id_cartelera, fk_id_funcion) VALUES (82, 4, 82);
INSERT INTO CARTELERA_FUNCION (id_cartelera_pelicula, fk_id_cartelera, fk_id_funcion) VALUES (83, 4, 83);
INSERT INTO CARTELERA_FUNCION (id_cartelera_pelicula, fk_id_cartelera, fk_id_funcion) VALUES (84, 4, 84);
